,index,molecule_chembl_id,canonical_smiles,bioactivity_class,MW,LogP,NumHDonors,NumHAcceptors,pIC50
0,0,CHEMBL1087626,FC(F)(F)c1cccc(Nc2nc(-c3ccc(Cl)cc3)cs2)c1,intermediate,354.784,6.225900000000003,1.0,3.0,5.080921907623926
1,1,CHEMBL1076555,Oc1ccc(Nc2nc(-c3ccc(Cl)cc3)cs2)cc1,active,302.78600000000006,4.912700000000002,2.0,4.0,7.154901959985743
2,2,CHEMBL1080890,Nc1ccc(Nc2nc(-c3ccc(Cl)cc3)cs2)cc1,active,301.802,4.789300000000002,2.0,4.0,7.096910013008056
3,3,CHEMBL1080392,CC(=O)Nc1ccc(Nc2nc(-c3ccc(Cl)cc3)cs2)cc1,intermediate,343.839,5.165500000000002,2.0,4.0,5.0
4,4,CHEMBL1076549,NC(=O)c1ccc(Nc2nc(-c3ccc(Cl)cc3)cs2)cc1,inactive,329.812,4.306000000000002,2.0,4.0,4.698970004336019
5,5,CHEMBL562493,Oc1ccc(Nc2nc(-c3ccccc3)cs2)cc1,active,268.34100000000007,4.259300000000001,2.0,4.0,6.721246399047171
6,6,CHEMBL1081262,Oc1ccc(Nc2nc(-c3cccs3)cs2)cc1,active,274.37000000000006,4.320800000000001,2.0,5.0,6.958607314841775
7,7,CHEMBL579212,Oc1ccc(Nc2nc(-c3ccccn3)cs2)cc1,active,269.32900000000006,3.654300000000001,2.0,5.0,6.638272163982407
8,8,CHEMBL373909,Oc1ccc(Nc2nc(-c3cccnc3)cs2)cc1,active,269.32900000000006,3.654300000000001,2.0,5.0,6.522878745280337
9,9,CHEMBL565257,Oc1ccc(Nc2nc(-c3ccncc3)cs2)cc1,active,269.32900000000006,3.654300000000001,2.0,5.0,6.5376020021010435
10,10,CHEMBL1076559,Oc1ccc(Nc2nc(-c3ccc4ccccc4c3)cs2)cc1,intermediate,318.40100000000007,5.412500000000002,2.0,4.0,5.886056647693163
11,11,CHEMBL1081276,Oc1ccc(Nc2nc(-c3ccccc3F)cs2)cc1,active,286.331,4.398400000000001,2.0,4.0,6.443697499232712
12,12,CHEMBL1081115,COc1ccccc1-c1csc(Nc2ccc(O)cc2)n1,active,298.367,4.267900000000003,2.0,5.0,6.173925197299173
13,13,CHEMBL1081116,Oc1ccc(Nc2nc(-c3ccccc3C(F)(F)F)cs2)cc1,intermediate,336.338,5.278100000000001,2.0,4.0,5.568636235841013
14,14,CHEMBL1081463,O=[N+]([O-])c1cccc(-c2csc(Nc3ccc(O)cc3)n2)c1,active,313.338,4.167500000000001,2.0,6.0,6.119186407719209
15,15,CHEMBL1081626,Oc1ccc(Nc2nc(-c3cccc(O)c3)cs2)cc1,active,284.34000000000003,3.964900000000001,3.0,5.0,6.920818753952375
16,16,CHEMBL1081627,N#Cc1ccc(-c2csc(Nc3ccc(O)cc3)n2)cc1,active,293.351,4.130980000000002,2.0,5.0,6.7447274948966935
17,17,CHEMBL1081480,COc1ccc(-c2csc(Nc3ccc(O)cc3)n2)cc1,intermediate,298.367,4.267900000000003,2.0,5.0,5.698970004336019
18,18,CHEMBL1081482,Oc1ccc(Nc2nc(-c3ccc(Cl)c(Cl)c3)cs2)cc1,active,337.23100000000005,5.566100000000002,2.0,4.0,6.366531544420414
19,19,CHEMBL1076570,Oc1ccc(Nc2ncc(-c3ccccc3)o2)cc1,active,252.27300000000002,3.7908000000000017,2.0,4.0,7.040958607678906
20,20,CHEMBL1081994,COc1ccccc1-c1cnc(Nc2ccc(O)cc2)o1,active,282.29900000000004,3.799400000000002,2.0,5.0,6.920818753952375
21,21,CHEMBL1082173,Oc1ccc(Nc2ncc(-c3cccc(Cl)c3)o2)cc1,active,286.718,4.444200000000001,2.0,4.0,6.853871964321762
22,22,CHEMBL1082174,COc1cccc(-c2cnc(Nc3ccc(O)cc3)o2)c1,active,282.29900000000004,3.799400000000001,2.0,5.0,6.769551078621726
23,23,CHEMBL1082175,O=C(O)c1cccc(-c2cnc(Nc3ccc(O)cc3)o2)c1,active,296.28200000000004,3.4890000000000008,3.0,5.0,6.721246399047171
24,24,CHEMBL1076585,Oc1ccc(Nc2ncc(-c3ccc(Cl)cc3)o2)cc1,active,286.718,4.444200000000001,2.0,4.0,6.481486060122113
25,25,CHEMBL1082184,Oc1ccc(Nc2ncc(-c3ccc(N4CCOCC4)cc3)o2)cc1,active,337.379,3.6274000000000024,2.0,6.0,6.886056647693163
26,26,CHEMBL1082029,CCN(CC)c1ccc(-c2cnc(Nc3ccc(O)cc3)o2)cc1,active,323.396,4.637000000000005,2.0,5.0,6.638272163982407
27,27,CHEMBL1318338,CCOC(=O)/C(C#N)=C/c1c2ccccc2cc2ccccc12,inactive,301.345,4.463080000000003,0.0,3.0,4.301029995663981
28,28,CHEMBL1446122,CCOc1ccc(-c2csc(Nc3ccc(C#N)cc3)n2)cc1,inactive,321.405,4.824080000000004,1.0,5.0,4.301029995663981
29,29,CHEMBL1355382,CCOC(=O)/C(C#N)=C/c1ccc(F)cc1[N+](=O)[O-],inactive,264.212,2.2039800000000005,0.0,5.0,4.301029995663981
30,30,CHEMBL1593304,N#Cc1ccc(Nc2nc(-c3ccc(C#N)cc3)cs2)cc1,inactive,302.362,4.297060000000001,1.0,5.0,4.301029995663981
31,31,CHEMBL1434737,N#C/C=C/c1ccccc1Nc1ccc(S(N)(=O)=O)cc1,inactive,299.355,2.6143799999999997,2.0,4.0,4.301029995663981
32,32,CHEMBL1484797,CCOC(=O)/C(C#N)=C/c1ccc([N+](=O)[O-])cc1,inactive,246.222,2.06488,0.0,5.0,4.301029995663981
33,33,CHEMBL1373154,Cc1cc(-c2csc(Nc3ccc(C#N)cc3)n2)c(C)n1CCc1ccccc1,inactive,398.5350000000002,6.086420000000006,1.0,5.0,4.301029995663981
34,34,CHEMBL1364907,Cc1cc(-c2csc(Nc3ccc(C#N)cc3)n2)c(C)n1Cc1ccccc1,inactive,384.50800000000015,5.892020000000005,1.0,5.0,4.301029995663981
35,35,CHEMBL1593230,N#Cc1ccc(Nc2nc(-c3ccc(O)cc3O)cs2)cc1,intermediate,309.35,3.8365800000000005,3.0,6.0,5.326702560240364
36,36,CHEMBL1362311,CCOC(=O)/C(C#N)=C/c1sc2ccccc2c1-c1ccccc1,inactive,333.4120000000001,5.038380000000004,0.0,4.0,4.301029995663981
37,37,CHEMBL1515723,CCOC(=O)/C(C#N)=C/c1c[nH]c2ccc(C#N)cc12,inactive,265.27200000000005,2.5096600000000002,1.0,4.0,4.301029995663981
38,38,CHEMBL1476178,N#Cc1ccc(Nc2nc(-c3cccc(Br)c3)cs2)cc1,inactive,356.24800000000005,5.187880000000002,1.0,4.0,4.301029995663981
39,39,CHEMBL1314351,Cc1cc(-c2csc(Nc3ccc(C#N)cc3)n2)c(C)n1C,inactive,308.4100000000001,4.380720000000004,1.0,5.0,4.301029995663981
40,40,CHEMBL1356663,N#CC(C#N)=Cc1c2ccccc2cc2ccccc12,inactive,254.292,4.423560000000002,0.0,2.0,4.301029995663981
41,41,CHEMBL1434053,CCOC(=O)/C(C#N)=C/c1ccc(C#N)cc1,inactive,226.235,2.02836,0.0,4.0,4.301029995663981
42,42,CHEMBL1490267,N#Cc1ccc(Nc2nc(-c3ccc(O)cc3O)cs2)cc1C(F)(F)F,inactive,377.34700000000004,4.855380000000003,3.0,6.0,4.869988050328096
43,43,CHEMBL1516388,CC(=O)O.Cc1cc2c(C(C)C)c(O)c(O)c(C=O)c2c(O)c1-c1c(C)cc2c(C(C)C)c(O)c(O)c(C=O)c2c1O,intermediate,578.6140000000004,6.473140000000009,7.0,9.0,5.268733650924508
44,44,CHEMBL1418796,CC(=O)Oc1cc2c3c(c1)/C(=C1/SC(=S)NC1=O)C(=O)N3C(C)(C)C=C2C,inactive,400.4810000000002,3.0130000000000017,1.0,6.0,4.301029995663981
45,45,CHEMBL239103,NS(=O)(=O)c1ccc(Nc2nc(-c3ccc(O)cc3O)cs2)cc1,inactive,363.42,2.6123000000000003,4.0,7.0,4.616903070050906
46,46,CHEMBL1399109,O=C(CCl)Nc1nc(-c2ccco2)c(-c2ccco2)s1,inactive,308.74600000000004,3.8404000000000007,1.0,5.0,4.301029995663981
47,47,CHEMBL1458321,O=C(NC1(O)C(=O)c2ccccc2C1=O)c1c(Cl)cccc1Cl,inactive,350.15700000000004,2.4910000000000005,2.0,4.0,4.301029995663981
48,48,CHEMBL1329974,O=C(O)CSc1cc(NS(=O)(=O)c2cccc([N+](=O)[O-])c2)c2ccccc2c1O,inactive,434.4510000000002,3.431100000000002,3.0,7.0,4.301029995663981
49,49,CHEMBL1575869,CCCCn1c(NC(=O)c2ccccc2Cl)c(C#N)c2nc3ccccc3nc21,inactive,403.87300000000016,5.161980000000004,1.0,5.0,4.301029995663981
50,50,CHEMBL3193664,Oc1ccc(/C=N/Nc2ccnc3cc(Cl)ccc23)cc1O,inactive,313.7440000000001,3.7454000000000014,3.0,5.0,4.437945170343621
51,51,CHEMBL1989852,COc1ccc2ccccc2c1/C=N/NC(=O)c1sc(N)c(C#N)c1C,intermediate,364.4300000000001,3.4361000000000006,2.0,6.0,5.587707490676953
52,52,CHEMBL1529285,O=C(O)c1ccc(NS(=O)(=O)c2ccc3c(c2)C2C=CCC2C(c2ccccc2F)N3)cc1,inactive,464.5180000000001,5.151200000000004,3.0,4.0,4.721246399047171
53,53,CHEMBL496,Oc1c(Cl)cc(Cl)c(Cl)c1Cc1c(O)c(Cl)cc(Cl)c1Cl,intermediate,406.90700000000004,6.609000000000001,2.0,2.0,5.260585897301305
54,54,CHEMBL591404,N=C(N)N/N=C/c1ccc(OCc2ccc(Cl)cc2Cl)cc1,inactive,337.21000000000004,3.3893700000000013,3.0,3.0,4.301029995663981
55,55,CHEMBL1499658,COc1cccc(-n2c(SCc3cc(=O)oc4cc(O)c(O)cc34)nc3ccccc3c2=O)c1,inactive,474.49400000000014,4.204200000000004,2.0,9.0,4.676541633150532
56,56,CHEMBL2001831,O=C(CCl)c1c[nH]c(/C=N/Nc2ccccc2Cl)c1,inactive,296.15700000000004,3.5356000000000014,2.0,3.0,4.301029995663981
57,57,CHEMBL1302170,O=S(=O)(Nc1cc2nc3ccccc3nc2n1Cc1ccccc1)c1ccc(Cl)cc1,inactive,448.9350000000002,5.087000000000003,1.0,5.0,4.301029995663981
58,58,CHEMBL463175,CC1CC(=O)c2c(cc3c(-c4c(O)cc(O)c5c(O)c6c(cc45)OC(C)CC6=O)c(O)cc(O)c3c2O)O1,inactive,518.4740000000003,4.601000000000006,6.0,10.0,4.357931372658496
59,59,CHEMBL1333429,COC(=O)c1ccccc1NC(=S)NC(=O)c1ccccc1C,inactive,328.39300000000003,2.9084200000000013,2.0,4.0,4.301029995663981
60,60,CHEMBL1517,CN(C)[C@@H]1C(O)=C(C(N)=O)C(=O)[C@@]2(O)C(O)=C3C(=O)c4c(O)cccc4[C@@](C)(O)[C@H]3[C@H](O)[C@@H]12,inactive,460.43900000000014,-1.2435999999999974,7.0,10.0,4.301029995663981
61,61,CHEMBL1972037,NS(=O)(=O)c1ccc(N/N=C/c2ccc(O)c(O)c2O)c([N+](=O)[O-])c1,inactive,368.3270000000001,0.8049999999999999,5.0,9.0,4.301029995663981
62,62,CHEMBL1303508,O=C1NC(=S)S/C1=C\c1c(-c2ccccc2)[nH]c2ccccc12,inactive,336.4410000000001,4.323700000000001,2.0,3.0,4.301029995663981
63,63,CHEMBL601757,Cc1nc2c(=O)n(C)c(=O)nc-2n(C)n1,inactive,207.19299999999998,-1.3177800000000004,0.0,7.0,4.301029995663981
64,64,CHEMBL1462375,Cc1[nH]c2ccccc2c1C(=O)CCl,inactive,207.65999999999994,2.897820000000001,1.0,1.0,4.301029995663981
65,65,CHEMBL1362734,CCn1nc([N+](=O)[O-])c(C(C#N)c2nc3cc(C(F)(F)F)ccc3s2)c(Cl)c1=O,inactive,443.79400000000004,4.108780000000001,0.0,8.0,4.301029995663981
66,66,CHEMBL1362595,CC(C)c1nc2sc3c(S)ncnc3c2c2c1CCC2,inactive,301.44000000000017,4.1403000000000025,1.0,5.0,4.374584647845592
67,67,CHEMBL1424118,Nc1nc(CCl)nc(Nc2ccc3ccccc3c2)n1,inactive,285.73800000000006,3.0894000000000013,2.0,5.0,4.301029995663981
68,68,CHEMBL1606112,O=C(Nc1ccc(F)cc1)C1C(c2ccccc2)C1(Cl)Cl,inactive,324.182,4.351700000000002,1.0,1.0,4.301029995663981
69,69,CHEMBL1532953,CCCCn1c(NS(=O)(=O)c2ccc(C)cc2)c(S(=O)(=O)c2ccccc2)c2nc3ccccc3nc21,inactive,534.6630000000001,5.326620000000005,1.0,7.0,4.301029995663981
70,70,CHEMBL1375922,Fc1ccccc1-c1nc(NCc2ccccc2)c2ccccc2n1,inactive,329.37800000000004,5.048000000000004,1.0,3.0,4.301029995663981
71,71,CHEMBL2005296,COc1ccc(/C=N/Nc2nnc(-c3ccccc3)c(O)n2)cc1,inactive,321.34000000000003,2.698800000000001,2.0,7.0,4.301029995663981
72,72,CHEMBL1425538,O=C(O[C@@H]1OC2COC(=O)c3cc(O)c(O)c(O)c3-c3c(cc(O)c(O)c3O)C(=O)O[C@H]([C@@H]2O)[C@H]1O)c1cc(O)c(O)c(O)c1,intermediate,634.4550000000004,-0.29650000000000065,11.0,18.0,5.377268034835281
73,73,CHEMBL1306199,N#Cc1c(NC(=O)c2ccccc2Cl)n(Cc2ccccc2)c2nc3ccccc3nc12,inactive,437.8900000000001,5.410180000000003,1.0,5.0,4.301029995663981
74,74,CHEMBL1306258,Cc1cc(Nc2ccccc2)nc(-c2ccccc2O)n1,inactive,277.327,3.9012200000000017,2.0,4.0,4.301029995663981
75,75,CHEMBL1306425,[O-][n+]1onc2c1CCc1[nH]c(-c3ccccc3)nc1-2,inactive,254.24900000000002,1.4637,1.0,4.0,4.301029995663981
76,76,CHEMBL1560833,Cc1n[nH]c(S/C(=C\c2ccc(-c3ccc(C(=O)O)c(Cl)c3)o2)C(=O)O)n1,inactive,405.81900000000013,3.942520000000002,3.0,6.0,4.301029995663981
77,77,CHEMBL1416392,CSC1=NSC2=NC(=O)/C(=C\c3c(C)[nH]c4ccccc34)C(=N)N12,inactive,355.44800000000004,3.4159900000000007,2.0,5.0,4.664141088680182
78,78,CHEMBL1504948,Cc1[nH]c2ccccc2c1/C=C1/C(=N)N2C(=NC1=O)SN=C2S(=O)(=O)CC(C)C,inactive,429.52700000000016,3.1237900000000023,2.0,6.0,4.909036923404268
79,79,CHEMBL1426692,N#Cc1c(N2CCCCC2)nc(N)c2c(N)nc(SCC(=O)O)cc12,inactive,358.4270000000001,1.8328799999999998,3.0,8.0,4.301029995663981
80,80,CHEMBL1307594,Oc1cc(CCl)nc2nc3ccccc3n12,inactive,233.65800000000004,2.3269,1.0,4.0,4.301029995663981
81,81,CHEMBL1404929,O=C(NNc1c2ccccc2nc2ccccc12)c1ccc(O)cc1O,inactive,345.35800000000006,3.556100000000001,4.0,5.0,4.301029995663981
82,82,CHEMBL1544997,Cn1cc(C(=O)CCl)c2ccccc21,inactive,207.66000000000003,2.599800000000001,0.0,2.0,4.301029995663981
83,83,CHEMBL1417692,Cc1ccc2[nH]cc(C(=O)CCl)c2c1,inactive,207.66,2.897820000000001,1.0,1.0,4.301029995663981
84,84,CHEMBL51931,O=C1C(=O)c2ccccc2-c2ccccc21,inactive,208.21599999999998,2.7326000000000006,0.0,2.0,4.301029995663981
85,85,CHEMBL1484370,Cc1no[n+]([O-])c1COc1ccccc1/C=C1\NC(=S)NC1=O,inactive,332.34100000000007,0.5406200000000002,2.0,6.0,4.301029995663981
86,86,CHEMBL1613272,Cc1ccccc1C(=O)Nc1nc2c(C)csc2c(=O)s1,inactive,316.40700000000004,3.5871400000000024,1.0,5.0,4.301029995663981
87,87,CHEMBL1418273,COc1ccccc1C(=O)Oc1cc(N)n(S(=O)(=O)c2ccc(C)cc2)n1,inactive,387.4170000000001,2.2385200000000003,1.0,8.0,4.301029995663981
88,88,CHEMBL1484618,O=C(OCC(=O)c1c[nH]c2ccccc12)c1ccc([N+](=O)[O-])s1,inactive,330.321,3.1773000000000016,1.0,6.0,4.301029995663981
89,89,CHEMBL1524172,O=C(O)c1cccc(NN=C2c3ccccc3-c3ccccc32)c1,inactive,314.344,4.229700000000002,2.0,3.0,4.301029995663981
90,90,CHEMBL1547025,Cl.c1ccc(CNc2nc(NCc3ccccc3)c3ccccc3n2)cc1,inactive,376.89100000000013,5.275800000000004,2.0,4.0,4.301029995663981
91,91,CHEMBL63354,O=c1cc(-c2ccc(O)c(-c3c(O)cc(O)c4c(=O)cc(-c5ccc(O)cc5)oc34)c2)oc2cc(O)cc(O)c12,intermediate,538.4640000000002,5.134000000000007,6.0,10.0,5.046530256746599
92,92,CHEMBL1334062,Cn1nc(-c2ccc(Cl)cc2)nc2c(=O)n(C)c(=O)nc1-2,inactive,303.70900000000006,0.6941999999999994,0.0,7.0,4.301029995663981
93,93,CHEMBL1588106,N=C1/C(=C\c2coc3ccccc3c2=O)C(=O)N=C2SC(c3ccncc3)=NN12,inactive,401.40700000000004,2.8554700000000004,1.0,7.0,4.95311480916229
94,94,CHEMBL1511080,Oc1ccc(Cl)cc1/C=C(\Cl)c1nc(O)c2ccc(Cl)cc2n1,inactive,367.619,5.084700000000002,2.0,4.0,4.301029995663981
95,95,CHEMBL1603938,Cc1ccc(C)c(SCC(=O)OC/C(O)=C(\C#N)c2nc3ccccc3[nH]2)c1,inactive,393.468,4.307920000000002,2.0,6.0,4.301029995663981
96,96,CHEMBL3199301,Cc1ccc(SC/C(O)=C(\C#N)c2nc3ccccc3s2)cc1,inactive,338.45700000000005,5.189700000000003,1.0,5.0,4.301029995663981
97,97,CHEMBL1356663,N#CC(C#N)=Cc1c2ccccc2cc2ccccc12,inactive,254.292,4.423560000000002,0.0,2.0,4.301029995663981
98,98,CHEMBL1434053,CCOC(=O)/C(C#N)=C/c1ccc(C#N)cc1,inactive,226.235,2.02836,0.0,4.0,4.301029995663981
99,99,CHEMBL1373154,Cc1cc(-c2csc(Nc3ccc(C#N)cc3)n2)c(C)n1CCc1ccccc1,inactive,398.5350000000002,6.086420000000006,1.0,5.0,4.301029995663981
100,100,CHEMBL1355382,CCOC(=O)/C(C#N)=C/c1ccc(F)cc1[N+](=O)[O-],inactive,264.212,2.2039800000000005,0.0,5.0,4.301029995663981
101,101,CHEMBL1362311,CCOC(=O)/C(C#N)=C/c1sc2ccccc2c1-c1ccccc1,inactive,333.4120000000001,5.038380000000004,0.0,4.0,4.301029995663981
102,102,CHEMBL1593230,N#Cc1ccc(Nc2nc(-c3ccc(O)cc3O)cs2)cc1,inactive,309.35,3.8365800000000005,3.0,6.0,4.301029995663981
103,103,CHEMBL1434737,N#C/C=C/c1ccccc1Nc1ccc(S(N)(=O)=O)cc1,inactive,299.355,2.6143799999999997,2.0,4.0,4.301029995663981
104,104,CHEMBL1593304,N#Cc1ccc(Nc2nc(-c3ccc(C#N)cc3)cs2)cc1,inactive,302.362,4.297060000000001,1.0,5.0,4.301029995663981
105,105,CHEMBL1364907,Cc1cc(-c2csc(Nc3ccc(C#N)cc3)n2)c(C)n1Cc1ccccc1,inactive,384.50800000000015,5.892020000000005,1.0,5.0,4.301029995663981
106,106,CHEMBL1490267,N#Cc1ccc(Nc2nc(-c3ccc(O)cc3O)cs2)cc1C(F)(F)F,inactive,377.34700000000004,4.855380000000003,3.0,6.0,4.301029995663981
107,107,CHEMBL1476178,N#Cc1ccc(Nc2nc(-c3cccc(Br)c3)cs2)cc1,inactive,356.24800000000005,5.187880000000002,1.0,4.0,4.301029995663981
108,108,CHEMBL1515723,CCOC(=O)/C(C#N)=C/c1c[nH]c2ccc(C#N)cc12,inactive,265.27200000000005,2.5096600000000002,1.0,4.0,4.301029995663981
109,109,CHEMBL1484797,CCOC(=O)/C(C#N)=C/c1ccc([N+](=O)[O-])cc1,inactive,246.222,2.06488,0.0,5.0,4.301029995663981
110,110,CHEMBL1318338,CCOC(=O)/C(C#N)=C/c1c2ccccc2cc2ccccc12,inactive,301.345,4.463080000000003,0.0,3.0,4.301029995663981
111,111,CHEMBL1446122,CCOc1ccc(-c2csc(Nc3ccc(C#N)cc3)n2)cc1,inactive,321.405,4.824080000000004,1.0,5.0,4.301029995663981
112,112,CHEMBL1314351,Cc1cc(-c2csc(Nc3ccc(C#N)cc3)n2)c(C)n1C,inactive,308.4100000000001,4.380720000000004,1.0,5.0,4.301029995663981
113,113,CHEMBL1516388,CC(=O)O.Cc1cc2c(C(C)C)c(O)c(O)c(C=O)c2c(O)c1-c1c(C)cc2c(C(C)C)c(O)c(O)c(C=O)c2c1O,inactive,578.6140000000004,6.473140000000009,7.0,9.0,4.808548985535104
114,114,CHEMBL1418796,CC(=O)Oc1cc2c3c(c1)/C(=C1/SC(=S)NC1=O)C(=O)N3C(C)(C)C=C2C,inactive,400.4810000000002,3.0130000000000017,1.0,6.0,4.301029995663981
115,115,CHEMBL239103,NS(=O)(=O)c1ccc(Nc2nc(-c3ccc(O)cc3O)cs2)cc1,inactive,363.42,2.6123000000000003,4.0,7.0,4.301029995663981
116,116,CHEMBL1399109,O=C(CCl)Nc1nc(-c2ccco2)c(-c2ccco2)s1,inactive,308.74600000000004,3.8404000000000007,1.0,5.0,4.301029995663981
117,117,CHEMBL1458321,O=C(NC1(O)C(=O)c2ccccc2C1=O)c1c(Cl)cccc1Cl,inactive,350.15700000000004,2.4910000000000005,2.0,4.0,4.301029995663981
118,118,CHEMBL1329974,O=C(O)CSc1cc(NS(=O)(=O)c2cccc([N+](=O)[O-])c2)c2ccccc2c1O,inactive,434.4510000000002,3.431100000000002,3.0,7.0,4.758702612890007
119,119,CHEMBL1575869,CCCCn1c(NC(=O)c2ccccc2Cl)c(C#N)c2nc3ccccc3nc21,inactive,403.87300000000016,5.161980000000004,1.0,5.0,4.301029995663981
120,120,CHEMBL3193664,Oc1ccc(/C=N/Nc2ccnc3cc(Cl)ccc23)cc1O,inactive,313.7440000000001,3.7454000000000014,3.0,5.0,4.301029995663981
121,121,CHEMBL1989852,COc1ccc2ccccc2c1/C=N/NC(=O)c1sc(N)c(C#N)c1C,inactive,364.4300000000001,3.4361000000000006,2.0,6.0,4.301029995663981
122,122,CHEMBL1529285,O=C(O)c1ccc(NS(=O)(=O)c2ccc3c(c2)C2C=CCC2C(c2ccccc2F)N3)cc1,inactive,464.5180000000001,5.151200000000004,3.0,4.0,4.301029995663981
123,123,CHEMBL496,Oc1c(Cl)cc(Cl)c(Cl)c1Cc1c(O)c(Cl)cc(Cl)c1Cl,inactive,406.90700000000004,6.609000000000001,2.0,2.0,4.301029995663981
124,124,CHEMBL591404,N=C(N)N/N=C/c1ccc(OCc2ccc(Cl)cc2Cl)cc1,inactive,337.21000000000004,3.3893700000000013,3.0,3.0,4.301029995663981
125,125,CHEMBL1499658,COc1cccc(-n2c(SCc3cc(=O)oc4cc(O)c(O)cc34)nc3ccccc3c2=O)c1,inactive,474.49400000000014,4.204200000000004,2.0,9.0,4.301029995663981
126,126,CHEMBL2001831,O=C(CCl)c1c[nH]c(/C=N/Nc2ccccc2Cl)c1,inactive,296.15700000000004,3.5356000000000014,2.0,3.0,4.301029995663981
127,127,CHEMBL1302170,O=S(=O)(Nc1cc2nc3ccccc3nc2n1Cc1ccccc1)c1ccc(Cl)cc1,inactive,448.9350000000002,5.087000000000003,1.0,5.0,4.301029995663981
128,128,CHEMBL463175,CC1CC(=O)c2c(cc3c(-c4c(O)cc(O)c5c(O)c6c(cc45)OC(C)CC6=O)c(O)cc(O)c3c2O)O1,inactive,518.4740000000003,4.601000000000006,6.0,10.0,4.301029995663981
129,129,CHEMBL1333429,COC(=O)c1ccccc1NC(=S)NC(=O)c1ccccc1C,inactive,328.39300000000003,2.9084200000000013,2.0,4.0,4.301029995663981
130,130,CHEMBL1517,CN(C)[C@@H]1C(O)=C(C(N)=O)C(=O)[C@@]2(O)C(O)=C3C(=O)c4c(O)cccc4[C@@](C)(O)[C@H]3[C@H](O)[C@@H]12,inactive,460.43900000000014,-1.2435999999999974,7.0,10.0,4.301029995663981
131,131,CHEMBL1972037,NS(=O)(=O)c1ccc(N/N=C/c2ccc(O)c(O)c2O)c([N+](=O)[O-])c1,inactive,368.3270000000001,0.8049999999999999,5.0,9.0,4.301029995663981
132,132,CHEMBL1303508,O=C1NC(=S)S/C1=C\c1c(-c2ccccc2)[nH]c2ccccc12,inactive,336.4410000000001,4.323700000000001,2.0,3.0,4.301029995663981
133,133,CHEMBL601757,Cc1nc2c(=O)n(C)c(=O)nc-2n(C)n1,inactive,207.19299999999998,-1.3177800000000004,0.0,7.0,4.301029995663981
134,134,CHEMBL1462375,Cc1[nH]c2ccccc2c1C(=O)CCl,inactive,207.65999999999994,2.897820000000001,1.0,1.0,4.301029995663981
135,135,CHEMBL1362734,CCn1nc([N+](=O)[O-])c(C(C#N)c2nc3cc(C(F)(F)F)ccc3s2)c(Cl)c1=O,inactive,443.79400000000004,4.108780000000001,0.0,8.0,4.301029995663981
136,136,CHEMBL1362595,CC(C)c1nc2sc3c(S)ncnc3c2c2c1CCC2,inactive,301.44000000000017,4.1403000000000025,1.0,5.0,4.301029995663981
137,137,CHEMBL1424118,Nc1nc(CCl)nc(Nc2ccc3ccccc3c2)n1,inactive,285.73800000000006,3.0894000000000013,2.0,5.0,4.301029995663981
138,138,CHEMBL1606112,O=C(Nc1ccc(F)cc1)C1C(c2ccccc2)C1(Cl)Cl,inactive,324.182,4.351700000000002,1.0,1.0,4.301029995663981
139,139,CHEMBL1532953,CCCCn1c(NS(=O)(=O)c2ccc(C)cc2)c(S(=O)(=O)c2ccccc2)c2nc3ccccc3nc21,inactive,534.6630000000001,5.326620000000005,1.0,7.0,4.301029995663981
140,140,CHEMBL1375922,Fc1ccccc1-c1nc(NCc2ccccc2)c2ccccc2n1,inactive,329.37800000000004,5.048000000000004,1.0,3.0,4.301029995663981
141,141,CHEMBL2005296,COc1ccc(/C=N/Nc2nnc(-c3ccccc3)c(O)n2)cc1,inactive,321.34000000000003,2.698800000000001,2.0,7.0,4.301029995663981
142,142,CHEMBL1425538,O=C(O[C@@H]1OC2COC(=O)c3cc(O)c(O)c(O)c3-c3c(cc(O)c(O)c3O)C(=O)O[C@H]([C@@H]2O)[C@H]1O)c1cc(O)c(O)c(O)c1,inactive,634.4550000000004,-0.29650000000000065,11.0,18.0,4.301029995663981
143,143,CHEMBL1306199,N#Cc1c(NC(=O)c2ccccc2Cl)n(Cc2ccccc2)c2nc3ccccc3nc12,inactive,437.8900000000001,5.410180000000003,1.0,5.0,4.301029995663981
144,144,CHEMBL1306258,Cc1cc(Nc2ccccc2)nc(-c2ccccc2O)n1,inactive,277.327,3.9012200000000017,2.0,4.0,4.301029995663981
145,145,CHEMBL1306425,[O-][n+]1onc2c1CCc1[nH]c(-c3ccccc3)nc1-2,inactive,254.24900000000002,1.4637,1.0,4.0,4.301029995663981
146,146,CHEMBL1560833,Cc1n[nH]c(S/C(=C\c2ccc(-c3ccc(C(=O)O)c(Cl)c3)o2)C(=O)O)n1,inactive,405.81900000000013,3.942520000000002,3.0,6.0,4.301029995663981
147,147,CHEMBL1416392,CSC1=NSC2=NC(=O)/C(=C\c3c(C)[nH]c4ccccc34)C(=N)N12,inactive,355.44800000000004,3.4159900000000007,2.0,5.0,4.301029995663981
148,148,CHEMBL1504948,Cc1[nH]c2ccccc2c1/C=C1/C(=N)N2C(=NC1=O)SN=C2S(=O)(=O)CC(C)C,inactive,429.52700000000016,3.1237900000000023,2.0,6.0,4.301029995663981
149,149,CHEMBL1426692,N#Cc1c(N2CCCCC2)nc(N)c2c(N)nc(SCC(=O)O)cc12,inactive,358.4270000000001,1.8328799999999998,3.0,8.0,4.301029995663981
150,150,CHEMBL1307594,Oc1cc(CCl)nc2nc3ccccc3n12,inactive,233.65800000000004,2.3269,1.0,4.0,4.301029995663981
151,151,CHEMBL1404929,O=C(NNc1c2ccccc2nc2ccccc12)c1ccc(O)cc1O,inactive,345.35800000000006,3.556100000000001,4.0,5.0,4.301029995663981
152,152,CHEMBL1544997,Cn1cc(C(=O)CCl)c2ccccc21,inactive,207.66000000000003,2.599800000000001,0.0,2.0,4.301029995663981
153,153,CHEMBL1417692,Cc1ccc2[nH]cc(C(=O)CCl)c2c1,inactive,207.66,2.897820000000001,1.0,1.0,4.301029995663981
154,154,CHEMBL51931,O=C1C(=O)c2ccccc2-c2ccccc21,inactive,208.21599999999998,2.7326000000000006,0.0,2.0,4.301029995663981
155,155,CHEMBL1484370,Cc1no[n+]([O-])c1COc1ccccc1/C=C1\NC(=S)NC1=O,inactive,332.34100000000007,0.5406200000000002,2.0,6.0,4.301029995663981
156,156,CHEMBL1613272,Cc1ccccc1C(=O)Nc1nc2c(C)csc2c(=O)s1,inactive,316.40700000000004,3.5871400000000024,1.0,5.0,4.301029995663981
157,157,CHEMBL1418273,COc1ccccc1C(=O)Oc1cc(N)n(S(=O)(=O)c2ccc(C)cc2)n1,inactive,387.4170000000001,2.2385200000000003,1.0,8.0,4.301029995663981
158,158,CHEMBL1484618,O=C(OCC(=O)c1c[nH]c2ccccc12)c1ccc([N+](=O)[O-])s1,inactive,330.321,3.1773000000000016,1.0,6.0,4.301029995663981
159,159,CHEMBL1524172,O=C(O)c1cccc(NN=C2c3ccccc3-c3ccccc32)c1,inactive,314.344,4.229700000000002,2.0,3.0,4.301029995663981
160,160,CHEMBL1547025,Cl.c1ccc(CNc2nc(NCc3ccccc3)c3ccccc3n2)cc1,inactive,376.89100000000013,5.275800000000004,2.0,4.0,4.301029995663981
161,161,CHEMBL63354,O=c1cc(-c2ccc(O)c(-c3c(O)cc(O)c4c(=O)cc(-c5ccc(O)cc5)oc34)c2)oc2cc(O)cc(O)c12,inactive,538.4640000000002,5.134000000000007,6.0,10.0,4.301029995663981
162,162,CHEMBL1334062,Cn1nc(-c2ccc(Cl)cc2)nc2c(=O)n(C)c(=O)nc1-2,inactive,303.70900000000006,0.6941999999999994,0.0,7.0,4.301029995663981
163,163,CHEMBL1588106,N=C1/C(=C\c2coc3ccccc3c2=O)C(=O)N=C2SC(c3ccncc3)=NN12,intermediate,401.40700000000004,2.8554700000000004,1.0,7.0,5.033295223342125
164,164,CHEMBL1511080,Oc1ccc(Cl)cc1/C=C(\Cl)c1nc(O)c2ccc(Cl)cc2n1,inactive,367.619,5.084700000000002,2.0,4.0,4.301029995663981
165,165,CHEMBL3199301,Cc1ccc(SC/C(O)=C(\C#N)c2nc3ccccc3s2)cc1,inactive,338.45700000000005,5.189700000000003,1.0,5.0,4.301029995663981
166,166,CHEMBL1603938,Cc1ccc(C)c(SCC(=O)OC/C(O)=C(\C#N)c2nc3ccccc3[nH]2)c1,inactive,393.468,4.307920000000002,2.0,6.0,4.301029995663981
167,167,CHEMBL2315790,c1ccc(OCc2nnc(SC3CCCC3)n2C2CCCCC2)cc1,inactive,357.5230000000002,5.397000000000005,0.0,5.0,4.522878745280337
168,168,CHEMBL2315789,Clc1cc(Cl)cc(-n2c(COc3ccccc3)nnc2SC2CCCC2)c1,inactive,420.36500000000024,6.187800000000005,0.0,5.0,4.522878745280337
169,169,CHEMBL2315788,[N-]=[N+]=Nc1cccc(-n2c(COc3ccccc3)nnc2SC2CCCC2)c1,intermediate,392.48800000000017,5.822800000000004,0.0,6.0,5.619788758288394
170,170,CHEMBL2315787,Nc1cccc(-n2c(COc3ccccc3)nnc2SC2CCCC2)c1,intermediate,366.49000000000024,4.463200000000004,1.0,6.0,5.889410289700751
171,171,CHEMBL2315786,FC(F)(F)c1cccc(-n2c(COc3ccccc3)nnc2SC2CCCC2)c1,inactive,419.4720000000002,5.899800000000004,0.0,5.0,4.522878745280337
172,172,CHEMBL2315785,O=[N+]([O-])c1cccc(-n2c(COc3ccccc3)nnc2SC2CCCC2)c1,intermediate,396.4720000000002,4.789200000000004,0.0,7.0,5.55129368009492
173,173,CHEMBL2315784,Cc1cccc(-n2c(COc3ccccc3)nnc2SC2CCCC2)c1,intermediate,365.50200000000024,5.189420000000005,0.0,5.0,5.555955204081924
174,174,CHEMBL2315783,Brc1cccc(-n2c(COc3ccccc3)nnc2SC2CCCC2)c1,active,430.3710000000002,5.643500000000004,0.0,5.0,6.017728766960431
175,175,CHEMBL2315782,Clc1cccc(-n2c(COc3ccccc3)nnc2SC2CCCC2)c1,active,385.9200000000002,5.534400000000004,0.0,5.0,6.130768280269024
176,176,CHEMBL2315781,CC(C)Sc1nnc(COc2ccccc2)n1-c1cccnc1,intermediate,326.42500000000007,3.7418000000000022,0.0,6.0,5.570247719997592
177,177,CHEMBL2315780,CC(C)Sc1nnc(COc2ccccc2)n1Cc1ccccc1,inactive,339.4640000000001,4.4059000000000035,0.0,5.0,4.522878745280337
178,178,CHEMBL2315779,CC(C)Sc1nnc(COc2ccccc2)n1C,inactive,263.36600000000004,2.8946000000000014,0.0,5.0,4.522878745280337
179,179,CHEMBL2315778,COc1ccc(-n2c(COc3ccccc3)nnc2SC(C)C)cc1,inactive,355.4630000000001,4.355400000000003,0.0,6.0,4.522878745280337
180,180,CHEMBL2315777,CC(C)Sc1nnc(COc2ccccc2)n1-c1ccc(Cl)cc1,inactive,359.88200000000006,5.000200000000004,0.0,5.0,4.522878745280337
181,181,CHEMBL2315776,CC(C)Sc1nnc(COc2ccccc2)n1-c1ccc(F)cc1,inactive,343.4270000000001,4.4859000000000036,0.0,5.0,4.707743928643524
182,182,CHEMBL2315775,CC(C)Sc1nnc(COc2ccccc2)n1-c1cccc(C(F)(F)F)c1,inactive,393.4340000000001,5.365600000000003,0.0,5.0,4.522878745280337
183,183,CHEMBL2315774,COc1cccc(-n2c(COc3ccccc3)nnc2SC(C)C)c1,inactive,355.4630000000001,4.355400000000004,0.0,6.0,4.789949150124863
184,184,CHEMBL2315773,CC(C)Sc1nnc(COc2ccccc2)n1-c1cccc(Br)c1,intermediate,404.3330000000001,5.109300000000003,0.0,5.0,5.634512015109101
185,185,CHEMBL2315772,CC(C)Sc1nnc(COc2ccccc2)n1-c1cccc(F)c1,intermediate,343.4270000000001,4.4859000000000036,0.0,5.0,5.686132779630847
186,186,CHEMBL2315771,CC(C)Sc1nnc(COc2ccccc2)n1-c1cccc(Cl)c1,intermediate,359.88200000000006,5.000200000000003,0.0,5.0,5.72584215073632
187,187,CHEMBL2315770,COc1ccccc1-n1c(COc2ccccc2)nnc1SC(C)C,inactive,355.4630000000001,4.355400000000003,0.0,6.0,4.522878745280337
188,188,CHEMBL2315769,CC(C)Sc1nnc(COc2ccccc2)n1-c1ccccc1F,inactive,343.4270000000001,4.485900000000003,0.0,5.0,4.7115271994002175
189,189,CHEMBL2315768,c1ccc(OCc2nnc(NC3CCCCC3)n2-c2ccccc2)cc1,intermediate,348.45,4.590900000000003,1.0,5.0,5.462180904926726
190,190,CHEMBL2315767,c1ccc(OCc2nnc(NC3CCCC3)n2-c2ccccc2)cc1,intermediate,334.423,4.200800000000003,1.0,5.0,5.54515513999149
191,191,CHEMBL2315766,CC(C)Nc1nnc(COc2ccccc2)n1-c1ccccc1,inactive,308.38500000000005,3.6666000000000025,1.0,5.0,4.522878745280337
192,192,CHEMBL2315765,c1ccc(OCc2nnc(CC3CCCCC3)n2-c2ccccc2)cc1,intermediate,347.462,4.9691000000000045,0.0,4.0,5.366531544420414
193,193,CHEMBL2315764,c1ccc(OCc2nnc(CC3CCCC3)n2-c2ccccc2)cc1,intermediate,333.43499999999995,4.579000000000003,0.0,4.0,5.705533773838407
194,194,CHEMBL2315763,c1ccc(OCc2nnc(OC3CCCCC3)n2-c2ccccc2)cc1,intermediate,349.43399999999997,4.557800000000004,0.0,5.0,5.707743928643524
195,195,CHEMBL2315471,c1ccc(OCc2nnc(OC3CCCC3)n2-c2ccccc2)cc1,intermediate,335.407,4.167700000000003,0.0,5.0,5.647817481888637
196,196,CHEMBL2315470,CC(C)Oc1nnc(COc2ccccc2)n1-c1ccccc1,inactive,309.369,3.6335000000000024,0.0,5.0,4.522878745280337
197,197,CHEMBL2315469,c1ccc(OCc2nncn2-c2ccccc2)cc1,inactive,251.28900000000004,2.846300000000001,0.0,4.0,4.522878745280337
198,198,CHEMBL1379971,Sc1nnc(COc2ccccc2)n1-c1ccccc1,inactive,283.35600000000005,3.1350000000000007,1.0,5.0,4.522878745280337
199,199,CHEMBL2315468,CC(C)S(=O)(=O)c1nnc(COc2ccccc2)n1-c1ccccc1,inactive,357.43500000000006,3.0284000000000013,0.0,6.0,4.522878745280337
200,200,CHEMBL2315467,c1ccc(CSc2nnc(COc3ccccc3)n2-c2ccccc2)cc1,inactive,373.48100000000005,5.138600000000004,0.0,5.0,4.522878745280337
201,201,CHEMBL2315466,c1ccc(OCc2nnc(Sc3ccccc3)n2-c2ccccc2)cc1,intermediate,359.45400000000006,4.997500000000003,0.0,5.0,5.421360790031928
202,202,CHEMBL2315465,c1ccc(OCc2nnc(SCC3CCCCC3)n2-c2ccccc2)cc1,inactive,379.52900000000005,5.518700000000005,0.0,5.0,4.522878745280337
203,203,CHEMBL2315464,c1ccc(OCc2nnc(SCC3CCC3)n2-c2ccccc2)cc1,intermediate,351.475,4.738500000000004,0.0,5.0,5.939302159646388
204,204,CHEMBL2315463,c1ccc(OCc2nnc(SC3CCCCC3)n2-c2ccccc2)cc1,active,365.502,5.271100000000004,0.0,5.0,6.017728766960431
205,205,CHEMBL2315462,c1ccc(OCc2nnc(SC3CCCC3)n2-c2ccccc2)cc1,active,351.475,4.881000000000004,0.0,5.0,6.142667503568732
206,206,CHEMBL2315461,c1ccc(OCc2nnc(SC3CCC3)n2-c2ccccc2)cc1,active,337.448,4.4909000000000034,0.0,5.0,6.017728766960431
207,207,CHEMBL2315460,CC(C)CSc1nnc(COc2ccccc2)n1-c1ccccc1,intermediate,339.46400000000006,4.594400000000004,0.0,5.0,5.889410289700751
208,208,CHEMBL2315459,CCSc1nnc(COc2ccccc2)n1-c1ccccc1,intermediate,311.41,3.958300000000003,0.0,5.0,5.0034883278458215
209,209,CHEMBL2315813,CSc1nnc(COc2ccccc2)n1-c1ccccc1,inactive,297.38300000000004,3.568200000000002,0.0,5.0,4.522878745280337
210,210,CHEMBL2315812,CC(C)Sc1nnc(COc2ccccc2)n1-c1ccccc1,intermediate,325.43700000000007,4.3468000000000035,0.0,5.0,5.570247719997592
211,211,CHEMBL2315425,Cc1cc(OCc2nnc(SC3CCCC3)n2-c2cccnc2)ccc1-c1ccc(C=O)cc1,active,470.5980000000001,6.063920000000006,0.0,7.0,7.173925197299173
212,212,CHEMBL2315424,CC(=O)c1ccc(-c2ccc(OCc3nnc(SC4CCCC4)n3-c3cccnc3)cc2C)cc1,active,484.6250000000002,6.454020000000006,0.0,7.0,7.275724130399211
213,213,CHEMBL2311578,Cc1cc(OCc2nnc(SC3CCCC3)n2-c2cccnc2)ccc1-c1ccc(S(C)(=O)=O)cc1,active,520.6800000000002,5.654920000000006,0.0,8.0,7.619788758288394
214,214,CHEMBL2315423,CNC(=O)c1ccc(-c2ccc(OCc3nnc(SC4CCCC4)n3-c3cccnc3)cc2C)cc1,active,499.64000000000027,5.611020000000005,1.0,7.0,7.267606240177032
215,215,CHEMBL2315422,Cc1cc(OCc2nnc(SC3CCCC3)n2-c2cccnc2)ccc1-c1ccc(S(N)(=O)=O)cc1,active,521.6680000000002,4.898820000000003,1.0,8.0,7.6020599913279625
216,216,CHEMBL2315421,CONC(=O)c1ccc(-c2ccc(OCc3nnc(SC4CCCC4)n3-c3cccnc3)cc2C)cc1,active,515.6390000000004,5.542620000000006,1.0,8.0,7.236572006437063
217,217,CHEMBL2315420,Cc1cc(OCc2nnc(SC3CCCC3)n2-c2cccnc2)ccc1-c1ccc(C#N)cc1,active,467.5980000000001,6.123100000000005,0.0,7.0,7.1487416512809245
218,218,CHEMBL2315419,CS(=O)(=O)c1cccc(-c2ccc(OCc3nnc(SC4CCCC4)n3-c3cccnc3)cc2)c1,active,506.65300000000025,5.346500000000005,0.0,8.0,6.041914151478915
219,219,CHEMBL2315418,CC(=O)c1cccc(-c2ccc(OCc3nnc(SC4CCCC4)n3-c3cccnc3)cc2)c1,active,470.5980000000002,6.145600000000005,0.0,7.0,6.345823458122039
220,220,CHEMBL2315417,N#Cc1cccc(-c2ccc(OCc3nnc(SC4CCCC4)n3-c3cccnc3)cc2)c1,intermediate,453.5710000000002,5.8146800000000045,0.0,7.0,5.855737226238009
221,221,CHEMBL2315416,CC(=O)c1ccccc1-c1ccc(OCc2nnc(SC3CCCC3)n2-c2cccnc2)cc1,active,470.5980000000002,6.145600000000005,0.0,7.0,6.421360790031928
222,222,CHEMBL2315415,N#Cc1ccccc1-c1ccc(OCc2nnc(SC3CCCC3)n2-c2cccnc2)cc1,active,453.5710000000002,5.8146800000000045,0.0,7.0,6.27083521030723
223,223,CHEMBL2315414,c1ccc(-c2ccc(OCc3nnc(SC4CCCC4)n3-c3cccnc3)cc2)cc1,intermediate,428.56100000000015,5.943000000000005,0.0,6.0,5.692290076595193
224,224,CHEMBL2315413,FC(F)(F)c1ccc(-c2ccc(OCc3nnc(SC4CCCC4)n3-c3cccnc3)cc2)cc1,intermediate,496.5580000000002,6.9618000000000055,0.0,6.0,5.907981529247203
225,225,CHEMBL2315440,CSc1ccc(-c2ccc(OCc3nnc(SC4CCCC4)n3-c3cccnc3)cc2)cc1,active,474.6550000000002,6.664900000000006,0.0,7.0,6.010550182333308
226,226,CHEMBL2315439,Fc1ccc(-c2ccc(OCc3nnc(SC4CCCC4)n3-c3cccnc3)cc2)cc1,active,446.5510000000002,6.082100000000005,0.0,6.0,6.165579296318468
227,227,CHEMBL2315438,Brc1ccc(-c2ccc(OCc3nnc(SC4CCCC4)n3-c3cccnc3)cc2)cc1,active,507.4570000000002,6.705500000000006,0.0,6.0,6.281498311132726
228,228,CHEMBL2315437,Nc1ccc(-c2ccc(OCc3nnc(SC4CCCC4)n3-c3cccnc3)cc2)cc1,active,443.5760000000002,5.525200000000004,1.0,7.0,6.581698708680254
229,229,CHEMBL2315436,COc1ccc(-c2ccc(OCc3nnc(SC4CCCC4)n3-c3cccnc3)cc2)cc1,active,458.5870000000002,5.951600000000005,0.0,7.0,6.764471553092451
230,230,CHEMBL2315435,O=[N+]([O-])c1ccc(-c2ccc(OCc3nnc(SC4CCCC4)n3-c3cccnc3)cc2)cc1,active,473.5580000000002,5.851200000000005,0.0,8.0,6.790484985457369
231,231,CHEMBL2315434,O=Cc1ccc(-c2ccc(OCc3nnc(SC4CCCC4)n3-c3cccnc3)cc2)cc1,active,456.5710000000002,5.755500000000005,0.0,7.0,6.950781977329818
232,232,CHEMBL2315433,CC(=O)c1ccc(-c2ccc(OCc3nnc(SC4CCCC4)n3-c3cccnc3)cc2)cc1,active,470.5980000000002,6.145600000000005,0.0,7.0,7.187086643357144
233,233,CHEMBL2315432,CS(=O)(=O)c1ccc(-c2ccc(OCc3nnc(SC4CCCC4)n3-c3cccnc3)cc2)cc1,active,506.65300000000025,5.346500000000004,0.0,8.0,7.200659450546418
234,234,CHEMBL2315431,CNC(=O)c1ccc(-c2ccc(OCc3nnc(SC4CCCC4)n3-c3cccnc3)cc2)cc1,active,485.6130000000002,5.302600000000004,1.0,7.0,7.376750709602099
235,235,CHEMBL2315430,NC(=O)c1ccc(-c2ccc(OCc3nnc(SC4CCCC4)n3-c3cccnc3)cc2)cc1,active,471.5860000000002,5.041900000000004,1.0,7.0,7.3872161432802645
236,236,CHEMBL2315429,NS(=O)(=O)c1ccc(-c2ccc(OCc3nnc(SC4CCCC4)n3-c3cccnc3)cc2)cc1,active,507.64100000000025,4.590400000000004,1.0,8.0,7.1487416512809245
237,237,CHEMBL2315428,O=C(CO)c1ccc(-c2ccc(OCc3nnc(SC4CCCC4)n3-c3cccnc3)cc2)cc1,active,486.5970000000002,5.118000000000004,1.0,8.0,7.318758762624412
238,238,CHEMBL2315427,CONC(=O)c1ccc(-c2ccc(OCc3nnc(SC4CCCC4)n3-c3cccnc3)cc2)cc1,active,501.61200000000025,5.234200000000005,1.0,8.0,7.366531544420414
239,239,CHEMBL2315426,Cc1cc(OCc2nnc(SC3CCCC3)n2-c2cccnc2)ccc1F,active,384.48,4.723520000000003,0.0,6.0,6.3535962737769305
240,240,CHEMBL2315458,Clc1cc(Cl)cc(OCc2nnc(SC3CCCC3)n2-c2cccnc2)c1,active,421.35300000000024,5.582800000000004,0.0,6.0,6.590066876668706
241,241,CHEMBL2315457,Fc1cc(Br)cc(OCc2nnc(SC3CCCC3)n2-c2cccnc2)c1,active,449.3490000000002,5.1776000000000035,0.0,6.0,6.647817481888637
242,242,CHEMBL2315456,Cc1cc(OCc2nnc(SC3CCCC3)n2-c2cccnc2)ccc1Cl,active,400.93500000000006,5.237820000000004,0.0,6.0,6.735182176990463
243,243,CHEMBL2315455,Cc1ccc(OCc2nnc(SC3CCCC3)n2-c2cccnc2)cc1Cl,active,400.93500000000006,5.237820000000004,0.0,6.0,6.823908740944319
244,244,CHEMBL2315454,Cc1cc(OCc2nnc(SC3CCCC3)n2-c2cccnc2)cc(C)c1Cl,active,414.9620000000001,5.5462400000000045,0.0,6.0,6.872895201635193
245,245,CHEMBL2315453,Cc1cc(OCc2nnc(SC3CCCC3)n2-c2cccnc2)ccc1Br,active,445.386,5.3469200000000034,0.0,6.0,7.0
246,246,CHEMBL2315452,Clc1ccc(OCc2nnc(SC3CCCC3)n2-c2cccnc2)cc1Cl,active,421.35300000000007,5.582800000000004,0.0,6.0,7.045757490560675
247,247,CHEMBL2315451,N#Cc1ccc(-c2ccc(OCc3nnc(SC4CCCC4)n3-c3cccnc3)cc2)cc1,active,453.5710000000002,5.8146800000000045,0.0,7.0,7.055517327849832
248,248,CHEMBL2315450,Fc1cc(OCc2nnc(SC3CCCC3)n2-c2cccnc2)ccc1Cl,active,404.898,5.068500000000003,0.0,6.0,7.1487416512809245
249,249,CHEMBL2315449,COc1ccc(OCc2nnc(SC3CCCC3)n2-c2cccnc2)cc1,active,382.48900000000003,4.284600000000003,0.0,7.0,6.231361898752385
250,250,CHEMBL2315448,N#Cc1ccc(OCc2nnc(SC3CCCC3)n2-c2cccnc2)cc1,active,377.47300000000007,4.147680000000003,0.0,7.0,6.215382707367125
251,251,CHEMBL2315447,Cc1ccc(OCc2nnc(SC3CCCC3)n2-c2cccnc2)cc1,active,366.49,4.584420000000004,0.0,6.0,6.657577319177793
252,252,CHEMBL2315446,Fc1ccc(OCc2nnc(SC3CCCC3)n2-c2cccnc2)cc1,active,370.45300000000003,4.415100000000003,0.0,6.0,6.218963061378868
253,253,CHEMBL2315445,Brc1ccc(OCc2nnc(SC3CCCC3)n2-c2cccnc2)cc1,active,431.3590000000002,5.0385000000000035,0.0,6.0,6.774690718274137
254,254,CHEMBL2315444,Clc1ccc(OCc2nnc(SC3CCCC3)n2-c2cccnc2)cc1,active,386.9080000000001,4.929400000000004,0.0,6.0,6.853871964321762
255,255,CHEMBL2315443,COc1cccc(OCc2nnc(SC3CCCC3)n2-c2cccnc2)c1,active,382.4890000000001,4.284600000000003,0.0,7.0,6.425968732272281
256,256,CHEMBL2315442,N#Cc1cccc(OCc2nnc(SC3CCCC3)n2-c2cccnc2)c1,intermediate,377.4730000000001,4.147680000000003,0.0,7.0,5.5045944368538064
257,257,CHEMBL2315441,Cc1cccc(OCc2nnc(SC3CCCC3)n2-c2cccnc2)c1,active,366.49000000000007,4.584420000000003,0.0,6.0,6.280668713016273
258,258,CHEMBL2315811,Fc1cccc(OCc2nnc(SC3CCCC3)n2-c2cccnc2)c1,active,370.45300000000003,4.415100000000003,0.0,6.0,6.421360790031928
259,259,CHEMBL2315810,Brc1cccc(OCc2nnc(SC3CCCC3)n2-c2cccnc2)c1,active,431.3590000000002,5.0385000000000035,0.0,6.0,6.548213564475709
260,260,CHEMBL2315809,Clc1cccc(OCc2nnc(SC3CCCC3)n2-c2cccnc2)c1,active,386.9080000000001,4.929400000000004,0.0,6.0,6.554395796726403
261,261,CHEMBL2315808,Clc1ccccc1OCc1nnc(SC2CCCC2)n1-c1cccnc1,intermediate,386.90800000000013,4.929400000000004,0.0,6.0,5.893809102736585
262,262,CHEMBL2315807,c1ccc(-n2c(SC3CCCC3)nnc2-c2ccco2)cc1,intermediate,311.40999999999997,4.562000000000003,0.0,5.0,5.059483515067432
263,263,CHEMBL2315806,c1ccc(-n2c(SC3CCCC3)nnc2-c2cc3ccccc3o2)cc1,intermediate,361.47,5.715200000000005,0.0,5.0,5.7121982700697735
264,264,CHEMBL2315805,CC(C)Sc1nnc(COc2cccnc2)n1-c1ccccc1,intermediate,326.42500000000007,3.7418000000000022,0.0,6.0,5.2549252084179425
265,265,CHEMBL2315804,CC(C)Sc1nnc(COC2CCCCC2)n1-c1ccccc1,inactive,331.48499999999996,4.617100000000004,0.0,5.0,4.522878745280337
266,266,CHEMBL2315803,CC(C)Sc1nnc(CO)n1-c1ccccc1,inactive,249.33900000000003,2.2601000000000004,1.0,5.0,4.522878745280337
267,267,CHEMBL2315802,Brc1ccc(/C=C/c2nnc(SC3CCCC3)n2-c2ccccc2)cc1,intermediate,426.3830000000002,6.234900000000005,0.0,4.0,5.543633966870957
268,268,CHEMBL2315801,O=C(Nc1ccc(Br)cc1)c1nnc(SC2CCCC2)n1-c1ccccc1,inactive,443.37000000000023,5.316800000000003,1.0,5.0,4.729554091982037
269,269,CHEMBL2315800,Brc1ccc(OCc2nnc(SC3CCCC3)n2-c2ccccc2)cc1,active,430.3710000000002,5.643500000000004,0.0,5.0,6.356547323513812
270,270,CHEMBL2315799,CC(C)Sc1nnc(CNc2ccccc2)n1-c1ccccc1,inactive,324.4530000000001,4.379900000000003,1.0,5.0,4.951946826884391
271,271,CHEMBL2315798,CC(C)Sc1nnc(CN(C)c2ccccc2)n1-c1ccccc1,inactive,338.4800000000001,4.404200000000004,0.0,5.0,4.522878745280337
272,272,CHEMBL2315797,CC(C)Sc1nnc(Cc2ccccc2)n1-c1ccccc1,inactive,309.43800000000005,4.358600000000004,0.0,4.0,4.522878745280337
273,273,CHEMBL2315796,CC(C)Sc1nnc(COCc2ccccc2)n1-c1ccccc1,inactive,339.46400000000006,4.484600000000004,0.0,5.0,4.573163546196492
274,274,CHEMBL2315795,CC(C)Sc1nnc(CCc2ccccc2)n1-c1ccccc1,inactive,323.46500000000003,4.5530000000000035,0.0,4.0,4.928854709548917
275,275,CHEMBL2315794,CC(C)Sc1nnc(CSc2ccccc2)n1-c1ccccc1,intermediate,341.50500000000005,5.060100000000004,0.0,5.0,5.111820506081675
276,276,CHEMBL2315793,c1ccc(OCc2nnc(SC3CCCC3)n2Cc2ccco2)cc1,inactive,355.4630000000001,4.533100000000004,0.0,6.0,4.522878745280337
277,277,CHEMBL2315792,c1ccc(OCc2nnc(SC3CCCC3)n2-c2cccnc2)cc1,active,352.463,4.2760000000000025,0.0,6.0,6.327902142064283
278,278,CHEMBL2315791,c1ccc(OCc2nnc(SC3CCCC3)n2-c2ccccn2)cc1,inactive,352.463,4.2760000000000025,0.0,6.0,4.522878745280337
279,279,CHEMBL3361229,NC(=O)[C@H]1CC[C@H](CNc2nc(NCc3ccccc3)cc(-c3ccoc3)n2)CC1,active,405.5020000000002,4.0523000000000025,3.0,6.0,6.308918507877031
280,280,CHEMBL3361228,NC(=O)[C@H]1CC[C@H](CNc2nc(NCc3ccccc3)cc(-c3ccsc3)n2)CC1,active,421.57000000000016,4.520800000000002,3.0,6.0,6.3448615651886175
281,281,CHEMBL3361227,NC(=O)[C@H]1CC[C@H](CNc2nc(NCc3ccccc3)cc(-c3cccnc3)n2)CC1,active,416.52900000000017,3.854300000000002,3.0,6.0,6.962573502059376
282,282,CHEMBL3361226,NC(=O)[C@H]1CC[C@H](CNc2nc(NCc3ccccc3)cc(-c3ccc4[nH]ccc4c3)n2)CC1,active,454.5780000000002,4.9406000000000025,4.0,5.0,7.086186147616283
283,283,CHEMBL3361225,NC(=O)[C@H]1CC[C@H](CNc2nc(NCc3ccccc3)cc(-c3csc4ccccc34)n2)CC1,active,471.6300000000002,5.674000000000004,3.0,6.0,7.130768280269024
284,284,CHEMBL3361224,NC(=O)[C@H]1CC[C@H](CNc2nc(NCc3ccccc3)cc(-c3ccc4[nH]ncc4c3)n2)CC1,active,455.5660000000002,4.335600000000002,4.0,6.0,7.1487416512809245
285,285,CHEMBL3361223,NC(=O)[C@H]1CC[C@H](CNc2nc(NCc3ccccc3)cc(-c3cc4ccccc4o3)n2)CC1,active,455.56200000000024,5.205500000000003,3.0,6.0,7.214670164989233
286,286,CHEMBL3361222,NC(=O)[C@H]1CC[C@H](CNc2nc(NCc3ccccc3)cc(-c3ccc(F)cc3)n2)CC1,active,433.5310000000002,4.5984000000000025,3.0,5.0,6.52432881167557
287,287,CHEMBL3361221,CCOc1ccc(-c2cc(NCc3ccccc3)nc(NC[C@H]3CC[C@H](C(N)=O)CC3)n2)cc1,active,459.59400000000034,4.858000000000002,3.0,6.0,6.609064892896621
288,288,CHEMBL3361220,NC(=O)[C@H]1CC[C@H](CNc2nc(NCc3ccccc3)cc(-c3ccc(C(F)(F)F)cc3)n2)CC1,active,483.5380000000002,5.478100000000004,3.0,5.0,6.653647025549361
289,289,CHEMBL3361219,NC(=O)[C@H]1CC[C@H](CNc2nc(NCc3ccccc3)cc(-c3ccc(Cl)cc3)n2)CC1,active,449.98600000000016,5.112700000000003,3.0,5.0,6.97469413473523
290,290,CHEMBL3361218,CC(=O)c1ccc(-c2cc(NCc3ccccc3)nc(NC[C@H]3CC[C@H](C(N)=O)CC3)n2)cc1,active,457.5780000000003,4.661900000000002,3.0,6.0,6.991399828238082
291,291,CHEMBL3361217,NC(=O)[C@H]1CC[C@H](CNc2nc(NCc3ccccc3)cc(-c3ccc(CO)cc3)n2)CC1,active,445.56700000000023,3.9516000000000027,4.0,6.0,7.050609993355087
292,292,CHEMBL3361216,CC(=O)Nc1ccc(-c2cc(NCc3ccccc3)nc(NC[C@H]3CC[C@H](C(N)=O)CC3)n2)cc1,active,472.5930000000003,4.417700000000002,4.0,6.0,7.229147988357855
293,293,CHEMBL3361215,NC(=O)[C@H]1CC[C@H](CNc2nc(NCc3ccccc3)cc(-c3cccc(C(F)(F)F)c3)n2)CC1,active,483.5380000000002,5.478100000000004,3.0,5.0,6.6252516539898965
294,294,CHEMBL3361214,Cc1cccc(-c2cc(NCc3ccccc3)nc(NC[C@H]3CC[C@H](C(N)=O)CC3)n2)c1,active,429.56800000000027,4.767720000000002,3.0,5.0,6.73754891026957
295,295,CHEMBL3352905,COc1cccc(-c2cc(NCc3ccccc3)nc(NC[C@H]3CC[C@H](C(N)=O)CC3)n2)c1,active,445.5670000000003,4.467900000000002,3.0,6.0,6.826813731587726
296,296,CHEMBL3361213,NC(=O)[C@H]1CC[C@H](CNc2nc(NCc3ccccc3)cc(-c3cccc(CO)c3)n2)CC1,active,445.56700000000023,3.9516000000000027,4.0,6.0,6.8696662315049934
297,297,CHEMBL3361212,NC(=O)[C@H]1CC[C@H](CNc2nc(NCc3ccccc3)cc(-c3cccc(O)c3)n2)CC1,active,431.5400000000002,4.164900000000002,4.0,6.0,6.97469413473523
298,298,CHEMBL3361211,CC(=O)c1cccc(-c2cc(NCc3ccccc3)nc(NC[C@H]3CC[C@H](C(N)=O)CC3)n2)c1,active,457.5780000000003,4.661900000000003,3.0,6.0,7.060480747381382
299,299,CHEMBL3361210,NC(=O)[C@H]1CC[C@H](CNc2nc(NCc3ccccc3)cc(-c3ccccc3F)n2)CC1,active,433.5310000000002,4.5984000000000025,3.0,5.0,7.337242168318426
300,300,CHEMBL3361209,CS(=O)(=O)c1ccc(CNc2cc(-c3ccccc3)nc(NC[C@H]3CC[C@H](C(N)=O)CC3)n2)cc1,intermediate,493.6330000000003,3.862800000000002,3.0,7.0,5.0
301,301,CHEMBL3361208,NC(=O)[C@H]1CC[C@H](CNc2nc(NCc3ccc(S(N)(=O)=O)cc3)cc(-c3ccccc3)n2)CC1,intermediate,494.62100000000027,3.106700000000001,4.0,7.0,5.2869296741443605
302,302,CHEMBL3361207,COc1ccc(CNc2cc(-c3ccccc3)nc(NC[C@H]3CC[C@H](C(N)=O)CC3)n2)cc1,intermediate,445.5670000000003,4.467900000000002,3.0,6.0,5.297914278564175
303,303,CHEMBL3361206,NC(=O)[C@H]1CC[C@H](CNc2nc(NCc3ccc(Cl)cc3)cc(-c3ccccc3)n2)CC1,intermediate,449.98600000000016,5.112700000000003,3.0,5.0,5.459295216689238
304,304,CHEMBL3361205,NC(=O)[C@H]1CC[C@H](CNc2nc(NCc3ccc(F)cc3)cc(-c3ccccc3)n2)CC1,intermediate,433.5310000000002,4.5984000000000025,3.0,5.0,5.613857891069181
305,305,CHEMBL3361204,Cc1ccc(CNc2cc(-c3ccccc3)nc(NC[C@H]3CC[C@H](C(N)=O)CC3)n2)cc1,intermediate,429.5680000000003,4.767720000000002,3.0,5.0,5.6613443344213
306,306,CHEMBL3361203,NC(=O)[C@H]1CC[C@H](CNc2nc(NCc3cccc(S(N)(=O)=O)c3)cc(-c3ccccc3)n2)CC1,intermediate,494.62100000000027,3.106700000000001,4.0,7.0,5.118615343229427
307,307,CHEMBL3361202,NC(=O)[C@H]1CC[C@H](CNc2nc(NCc3cccc([N+](=O)[O-])c3)cc(-c3ccccc3)n2)CC1,intermediate,460.53800000000024,4.367500000000002,3.0,7.0,5.336487529584844
308,308,CHEMBL3361201,COc1cccc(CNc2cc(-c3ccccc3)nc(NC[C@H]3CC[C@H](C(N)=O)CC3)n2)c1,intermediate,445.56700000000035,4.467900000000002,3.0,6.0,5.248336053739013
309,309,CHEMBL3361200,NC(=O)[C@H]1CC[C@H](CNc2nc(NCc3cccc(Cl)c3)cc(-c3ccccc3)n2)CC1,intermediate,449.98600000000016,5.112700000000003,3.0,5.0,5.558776325757387
310,310,CHEMBL3361199,NC(=O)[C@H]1CC[C@H](CNc2nc(NCc3cccc(F)c3)cc(-c3ccccc3)n2)CC1,active,433.5310000000002,4.5984000000000025,3.0,5.0,6.324221658325915
311,311,CHEMBL3361198,Cc1cccc(CNc2cc(-c3ccccc3)nc(NC[C@H]3CC[C@H](C(N)=O)CC3)n2)c1,intermediate,429.5680000000003,4.767720000000003,3.0,5.0,5.774949303861951
312,312,CHEMBL3361197,COc1ccccc1CNc1cc(-c2ccccc2)nc(NC[C@H]2CC[C@H](C(N)=O)CC2)n1,intermediate,445.5670000000003,4.467900000000002,3.0,6.0,5.052566278112949
313,313,CHEMBL3361196,NC(=O)[C@H]1CC[C@H](CNc2nc(NCc3ccccc3Br)cc(-c3ccccc3)n2)CC1,intermediate,494.4370000000002,5.221800000000003,3.0,5.0,5.148252580866736
314,314,CHEMBL3361195,NC(=O)[C@H]1CC[C@H](CNc2nc(NCc3ccccc3Cl)cc(-c3ccccc3)n2)CC1,intermediate,449.98600000000016,5.112700000000003,3.0,5.0,5.158703112509718
315,315,CHEMBL3361194,NC(=O)[C@H]1CC[C@H](CNc2nc(NCc3ccccc3F)cc(-c3ccccc3)n2)CC1,intermediate,433.5310000000002,4.5984000000000025,3.0,5.0,5.771856392402258
316,316,CHEMBL3361193,Cc1ccccc1CNc1cc(-c2ccccc2)nc(NC[C@H]2CC[C@H](C(N)=O)CC2)n1,intermediate,429.5680000000003,4.767720000000003,3.0,5.0,5.032077793269482
317,317,CHEMBL3361192,NNC(=O)[C@H]1CC[C@H](CNc2nc(NCc3ccccc3)cc(-c3ccccc3)n2)CC1,active,430.55600000000015,3.9639000000000024,4.0,6.0,6.006123085058789
318,318,CHEMBL3361191,O=C(NS(=O)(=O)C(F)(F)F)[C@H]1CC[C@H](CNc2nc(NCc3ccccc3)cc(-c3ccccc3)n2)CC1,active,547.603,4.9398000000000035,3.0,7.0,6.578396073130169
319,319,CHEMBL3361190,CS(=O)(=O)NC(=O)[C@H]1CC[C@H](CNc2nc(NCc3ccccc3)cc(-c3ccccc3)n2)CC1,active,493.6330000000002,4.049800000000002,3.0,7.0,6.876148359032914
320,320,CHEMBL3361189,CNC(=O)[C@H]1CC[C@H](CNc2nc(NCc3ccccc3)cc(-c3ccccc3)n2)CC1,active,429.56800000000015,4.720000000000003,3.0,5.0,6.3487219860018556
321,321,CHEMBL3361188,NC(=O)[C@H]1CC[C@H](CNc2nc(NCc3ccccc3)cc(-c3ccccc3)n2)CC1,active,415.54100000000017,4.4593000000000025,3.0,5.0,6.896196279044043
322,322,CHEMBL3361187,O=C(O)[C@H]1CC[C@H](CNc2nc(-c3ccccc3)cc(N3CCOCC3)n2)CC1,intermediate,396.4910000000003,3.283100000000002,2.0,6.0,5.0
323,323,CHEMBL3361186,O=C(O)[C@H]1CC[C@H](CNc2nc(NC3CCCCC3)cc(-c3ccccc3)n2)CC1,intermediate,408.54600000000016,5.191100000000004,3.0,5.0,5.365220541854049
324,324,CHEMBL3361185,O=C(O)[C@H]1CC[C@H](CNc2nc(Nc3ccccc3)cc(-c3ccccc3)n2)CC1,active,402.4980000000002,5.190100000000004,3.0,5.0,7.443697499232712
325,325,CHEMBL3361184,O=C(O)[C@H]1CC[C@H](CNc2nc(NCc3ccccc3)cc(-c3ccccc3)n2)CC1,active,416.5250000000002,5.058600000000004,3.0,5.0,7.568636235841013
326,326,CHEMBL3361183,O=C(O)[C@H]1CC[C@H](CNc2nc(-c3ccccc3)cc(-c3ccoc3)n2)CC1,intermediate,377.4440000000002,4.706500000000004,2.0,5.0,5.659952682338607
327,327,CHEMBL3361182,O=C(O)[C@H]1CC[C@H](CNc2nc(-c3ccccc3)cc(-c3ccncc3)n2)CC1,intermediate,388.4710000000002,4.508500000000002,2.0,5.0,5.778064400171995
328,328,CHEMBL3361181,O=C(O)[C@H]1CC[C@H](CNc2nc(-c3ccccc3)cc(-c3cccnc3)n2)CC1,intermediate,388.4710000000002,4.508500000000002,2.0,5.0,5.920456992597094
329,329,CHEMBL3361180,O=C(O)[C@H]1CC[C@H](CNc2nc(-c3ccccc3)cc(-c3ccco3)n2)CC1,active,377.4440000000002,4.706500000000004,2.0,5.0,6.2441251443275085
330,330,CHEMBL3361179,O=C(O)[C@H]1CC[C@H](CNc2nc(-c3ccccc3)cc(-c3ccc4[nH]ccc4c3)n2)CC1,active,426.5200000000002,5.594800000000004,3.0,4.0,6.823908740944319
331,331,CHEMBL3361178,Nc1ccc(-c2cc(-c3ccccc3)nc(NC[C@H]3CC[C@H](C(=O)O)CC3)n2)cc1[N+](=O)[O-],active,447.49500000000035,4.603900000000003,3.0,7.0,7.221848749616356
332,332,CHEMBL3361177,Nc1ccc(-c2cc(-c3ccccc3)nc(NC[C@H]3CC[C@H](C(=O)O)CC3)n2)cc1,active,402.4980000000003,4.695700000000003,3.0,5.0,6.950781977329818
333,333,CHEMBL3361176,O=C(O)[C@H]1CC[C@H](CNc2nc(-c3ccccc3)cc(-c3ccc([N+](=O)[O-])cc3)n2)CC1,intermediate,432.48000000000025,5.021700000000004,2.0,6.0,5.659754238432068
334,334,CHEMBL3361175,CS(=O)(=O)c1ccc(-c2cc(-c3ccccc3)nc(NC[C@H]3CC[C@H](C(=O)O)CC3)n2)cc1,intermediate,465.57500000000033,4.517000000000003,2.0,6.0,5.962175249411658
335,335,CHEMBL3361174,COc1ccc(-c2cc(-c3ccccc3)nc(NC[C@H]3CC[C@H](C(=O)O)CC3)n2)cc1,active,417.50900000000024,5.122100000000003,2.0,5.0,6.035740369803151
336,336,CHEMBL3361173,O=C(O)[C@H]1CC[C@H](CNc2nc(-c3ccccc3)cc(-c3ccc(Cl)cc3)n2)CC1,active,421.92800000000017,5.766900000000004,2.0,4.0,6.655607726314889
337,337,CHEMBL3361172,O=C(O)[C@H]1CC[C@H](CNc2nc(-c3ccccc3)cc(-c3ccc(F)cc3)n2)CC1,active,405.4730000000002,5.252600000000004,2.0,4.0,6.129596094720973
338,338,CHEMBL3361171,Cc1ccc(-c2cc(-c3ccccc3)nc(NC[C@H]3CC[C@H](C(=O)O)CC3)n2)cc1,active,401.5100000000003,5.421920000000004,2.0,4.0,6.238824186844268
339,339,CHEMBL3360672,[N-]=[N+]=Nc1cccc(-c2cc(-c3ccccc3)nc(NC[C@H]3CC[C@H](C(=O)O)CC3)n2)c1,active,428.49600000000027,6.055300000000004,2.0,5.0,6.056011124926228
340,340,CHEMBL3360671,O=C(O)[C@H]1CC[C@H](CNc2nc(-c3ccccc3)cc(-c3cccc([N+](=O)[O-])c3)n2)CC1,active,432.48000000000025,5.021700000000004,2.0,6.0,6.696803942579511
341,341,CHEMBL3360670,CS(=O)(=O)c1cccc(-c2cc(-c3ccccc3)nc(NC[C@H]3CC[C@H](C(=O)O)CC3)n2)c1,active,465.57500000000033,4.517000000000002,2.0,6.0,6.935542010773082
342,342,CHEMBL3360669,COc1cccc(-c2cc(-c3ccccc3)nc(NC[C@H]3CC[C@H](C(=O)O)CC3)n2)c1,active,417.5090000000003,5.122100000000004,2.0,5.0,6.265200170411153
343,343,CHEMBL3360668,O=C(O)[C@H]1CC[C@H](CNc2nc(-c3ccccc3)cc(-c3cccc(Cl)c3)n2)CC1,active,421.92800000000017,5.766900000000004,2.0,4.0,6.316052869248487
344,344,CHEMBL3360667,O=C(O)[C@H]1CC[C@H](CNc2nc(-c3ccccc3)cc(-c3cccc(F)c3)n2)CC1,active,405.4730000000002,5.252600000000004,2.0,4.0,6.2580609222708015
345,345,CHEMBL3360666,Cc1cccc(-c2cc(-c3ccccc3)nc(NC[C@H]3CC[C@H](C(=O)O)CC3)n2)c1,active,401.5100000000003,5.421920000000005,2.0,4.0,6.2380721615794705
346,346,CHEMBL3360665,COc1ccccc1-c1cc(-c2ccccc2)nc(NC[C@H]2CC[C@H](C(=O)O)CC2)n1,intermediate,417.50900000000024,5.122100000000003,2.0,5.0,5.516983579855868
347,347,CHEMBL3360664,O=C(O)[C@H]1CC[C@H](CNc2nc(-c3ccccc3)cc(-c3ccccc3Cl)n2)CC1,active,421.92800000000017,5.766900000000004,2.0,4.0,6.154901959985743
348,348,CHEMBL3360663,O=C(O)[C@H]1CC[C@H](CNc2nc(-c3ccccc3)cc(-c3ccccc3F)n2)CC1,active,405.4730000000002,5.252600000000004,2.0,4.0,6.85078088734462
349,349,CHEMBL3360662,Cc1ccccc1-c1cc(-c2ccccc2)nc(NC[C@H]2CC[C@H](C(=O)O)CC2)n1,active,401.5100000000003,5.4219200000000045,2.0,4.0,6.171984935776023
350,350,CHEMBL3360661,O=C(O)[C@H]1CC[C@H](CNc2nc(-c3ccccc3)cc(-c3ccccc3)n2)CC1,active,387.4830000000002,5.113500000000004,2.0,4.0,6.522878745280337
351,351,CHEMBL3360660,COc1ccc(-c2cc(C)nc(NC[C@H]3CC[C@H](C(=O)O)CC3)n2)cc1,inactive,355.4380000000001,3.7635200000000024,2.0,5.0,4.431798275933005
352,352,CHEMBL3360659,Cc1cc(-c2ccc(F)cc2)nc(NC[C@H]2CC[C@H](C(=O)O)CC2)n1,intermediate,343.4020000000001,3.894020000000001,2.0,4.0,5.075720713938118
353,353,CHEMBL3360658,Cc1cc(-c2ccc(Cl)cc2)nc(NC[C@H]2CC[C@H](C(=O)O)CC2)n1,intermediate,359.8570000000002,4.4083200000000025,2.0,4.0,5.585026652029182
354,354,CHEMBL3360657,Cc1ccc(-c2cc(C)nc(NC[C@H]3CC[C@H](C(=O)O)CC3)n2)cc1,intermediate,339.4390000000001,4.063340000000002,2.0,4.0,5.568636235841013
355,355,CHEMBL3360656,COc1cccc(-c2cc(C)nc(NC[C@H]3CC[C@H](C(=O)O)CC3)n2)c1,inactive,355.4380000000001,3.7635200000000024,2.0,5.0,4.431798275933005
356,356,CHEMBL3360655,Cc1cc(-c2cccc(Cl)c2)nc(NC[C@H]2CC[C@H](C(=O)O)CC2)n1,intermediate,359.85700000000014,4.408320000000002,2.0,4.0,5.318758762624412
357,357,CHEMBL3360654,Cc1cccc(-c2cc(C)nc(NC[C@H]3CC[C@H](C(=O)O)CC3)n2)c1,inactive,339.4390000000001,4.063340000000002,2.0,4.0,4.943095148663527
358,358,CHEMBL3360653,COc1ccccc1-c1cc(C)nc(NC[C@H]2CC[C@H](C(=O)O)CC2)n1,inactive,355.4380000000001,3.7635200000000015,2.0,5.0,4.431798275933005
359,359,CHEMBL3360652,Cc1cc(-c2ccccc2C)nc(NC[C@H]2CC[C@H](C(=O)O)CC2)n1,inactive,339.4390000000001,4.063340000000002,2.0,4.0,4.431798275933005
360,360,CHEMBL3360651,O=C(O)[C@H]1CC[C@H](CNc2nccc(-c3ccccc3)n2)CC1,intermediate,311.3850000000001,3.446500000000002,2.0,4.0,5.060480747381382
361,361,CHEMBL3360650,Cc1cc(-c2ccccc2)nc(NC[C@H]2CC[C@H](C(=O)O)CC2)n1,intermediate,325.4120000000001,3.754920000000001,2.0,4.0,5.585026652029182
362,362,CHEMBL3360649,Cc1cc(-c2ccccc2)nc(NCc2cccc(C(=O)O)c2)n1,inactive,319.36400000000003,3.7623200000000008,2.0,4.0,4.431798275933005
363,363,CHEMBL3360648,Cc1cc(-c2ccccc2)nc(NCc2ccc(C(=O)O)cc2)n1,inactive,319.36400000000003,3.7623200000000017,2.0,4.0,4.8124792791635365
364,364,CHEMBL3360647,Cc1cc(-c2ccccc2)nc(S(=O)(=O)Cc2ccc(C(=O)O)cc2)n1,inactive,368.41400000000004,3.1241200000000005,1.0,5.0,4.431798275933005
365,365,CHEMBL3360646,Cc1cc(-c2ccccc2)nc(SCCC(=O)O)n1,inactive,274.34499999999997,3.01882,1.0,4.0,4.431798275933005
366,366,CHEMBL3360645,Cc1cc(-c2ccccc2)nc(Sc2ccc(C(=O)O)cc2)n1,inactive,322.389,4.301420000000003,1.0,4.0,4.431798275933005
367,367,CHEMBL3360644,Cc1cc(-c2ccccc2)nc(SCCc2ccc(C(=O)O)cc2)n1,inactive,350.44300000000004,4.485020000000004,1.0,4.0,4.688246138944246
368,368,CHEMBL3360643,Cc1cc(-c2ccccc2)nc(SCc2ccccc2)n1,inactive,292.407,4.744320000000004,0.0,3.0,4.431798275933005
369,369,CHEMBL3360642,Cc1cc(-c2ccccc2)nc(SCc2ccc(C(=O)NS(=O)(=O)C(F)(F)F)cc2)n1,inactive,467.4940000000001,4.323720000000003,1.0,6.0,4.665546248849069
370,370,CHEMBL1404283,Cc1cc(-c2ccccc2)nc(SCc2ccc(C(=O)O)cc2)n1,intermediate,336.41600000000005,4.442520000000004,1.0,4.0,5.318758762624412
371,371,CHEMBL3747464,COc1cccc2c(NCc3ccccc3)nc(-n3c(N)nc(C)c3C)nc12,intermediate,374.44800000000015,3.6352400000000014,2.0,7.0,5.301029995663981
372,372,CHEMBL3746907,COc1cccc2c(NCc3ccccc3)nc(-n3c(N)nc4c3CCCC4)nc12,intermediate,400.4860000000003,3.8972000000000016,2.0,7.0,5.301029995663981
373,373,CHEMBL3696887,COc1cccc2c(NCc3ccccc3)nc(-n3c(=O)[nH]c4ccccc43)nc12,intermediate,397.4380000000001,3.8827000000000016,2.0,6.0,5.9714287473074625
374,374,CHEMBL3696879,COc1cccc2c(NCc3ccccc3)nc(-n3c(N(C)C)nc4ccccc43)nc12,active,424.50800000000015,4.655400000000003,1.0,7.0,6.6439741428068775
375,375,CHEMBL3696878,CNc1nc2ccccc2n1-c1nc(NCc2ccccc2)c2cccc(OC)c2n1,active,410.4810000000001,4.631100000000003,2.0,7.0,6.632644078973981
376,376,CHEMBL3696880,COc1cccc2c(NCc3ccccc3)nc(-n3c(NC(C)=O)nc4ccccc43)nc12,intermediate,438.49100000000016,4.547800000000002,2.0,7.0,5.301029995663981
377,377,CHEMBL3746701,COc1cccc2c(Cc3ccccc3)nc(-n3c(N)nc4ccccc43)nc12,intermediate,381.43900000000014,4.150300000000002,1.0,6.0,5.301029995663981
378,378,CHEMBL3745800,COc1cccc2c(CCc3ccccc3)nc(-n3c(N)nc4ccccc43)nc12,intermediate,395.4660000000001,4.344700000000002,1.0,6.0,5.301029995663981
379,379,CHEMBL3747425,COc1cccc2c(OCc3ccccc3)nc(-n3c(N)nc4ccccc43)nc12,intermediate,397.43800000000016,4.138500000000002,1.0,7.0,5.301029995663981
380,380,CHEMBL3747449,COc1cccc2c(NC(=O)c3ccccc3)nc(-n3c(N)nc4ccccc43)nc12,intermediate,410.4370000000001,3.8118000000000007,2.0,7.0,5.301029995663981
381,381,CHEMBL3746850,COc1cccc2c(NCCc3ccccc3)nc(-n3c(N)nc4ccccc43)nc12,intermediate,410.4810000000001,4.214100000000002,2.0,7.0,5.301029995663981
382,382,CHEMBL3746410,COc1cccc2c(N(C)Cc3ccccc3)nc(-n3c(N)nc4ccccc43)nc12,intermediate,410.48100000000017,4.195900000000003,1.0,7.0,5.301029995663981
383,383,CHEMBL3745860,COc1cccc2c(NC(C)c3ccccc3)nc(-n3c(N)nc4ccccc43)nc12,intermediate,410.48100000000017,4.732600000000002,2.0,7.0,5.301029995663981
384,384,CHEMBL3746912,COc1cccc2c(NCc3ccccc3)nc(-n3c(N)nc4ccccc43)nc12,active,396.4540000000001,4.1716000000000015,2.0,7.0,6.088842391260023
385,385,CHEMBL3696862,COc1cccc2c(NCc3ccccc3)nc(-n3cnc4ccccc43)nc12,intermediate,381.4390000000001,4.589400000000002,1.0,6.0,5.301029995663981
386,386,CHEMBL3696861,COc1cccc2c(NCc3ccccc3)nc(-n3c(C)nc4ccccc43)nc12,active,395.4660000000001,4.897820000000003,1.0,6.0,6.818156412055227
387,387,CHEMBL3696923,CCc1nc2ccccc2n1-c1nc(NCc2ccccc2)c2cccc(OC)c2n1,intermediate,409.4930000000001,5.151800000000004,1.0,6.0,5.301029995663981
388,388,CHEMBL3696863,COc1cccc2c(NCc3ccccc3)nc(-n3c(OC)nc4ccccc43)nc12,active,411.46500000000015,4.5980000000000025,1.0,7.0,6.838631997765025
389,389,CHEMBL3745761,COc1cccc2c(NCc3ccccc3)nc(Nc3nc4ccccc4[nH]3)nc12,intermediate,396.4540000000001,4.870400000000003,3.0,6.0,5.301029995663981
390,390,CHEMBL3746009,COc1cccc2c(NCc3ccccc3)nc(Cn3c(C)nc4ccccc43)nc12,intermediate,409.4930000000001,4.956920000000004,1.0,6.0,5.301029995663981
391,391,CHEMBL3696867,COCCOc1cccc2c(NCc3ccccc3)nc(-n3c(N)nc4ccccc43)nc12,active,440.5070000000002,4.188200000000002,2.0,8.0,6.042392712939905
392,392,CHEMBL3746988,COCCOc1cccc2c(NCc3ccccc3)nc(-n3c(C)nc4ccccc43)nc12,active,439.5190000000002,4.914420000000004,1.0,7.0,6.517126416391246
393,393,CHEMBL3696920,COCCOc1cccc2c(NCc3ccccc3)nc(-n3c(OC)nc4ccccc43)nc12,active,455.5180000000002,4.614600000000004,1.0,8.0,6.431798275933005
394,394,CHEMBL3747511,Nc1nc2ccccc2n1-c1nc(NCc2ccccc2)c2ccsc2n1,intermediate,372.45700000000005,4.224500000000003,2.0,7.0,5.522878745280337
395,395,CHEMBL3696873,COc1nc2ccccc2n1-c1nc(NCc2ccccc2)c2ncsc2n1,active,388.4560000000001,4.045900000000002,1.0,8.0,6.7447274948966935
396,396,CHEMBL3746037,Nc1nc2ccccc2n1-c1nc2c(c(NCc3ccccc3)n1)CCCC2,active,370.46000000000015,3.888600000000003,2.0,6.0,6.371611069949688
397,397,CHEMBL3747498,Cc1nc2ccccc2n1-c1nc2c(c(NCc3ccccc3)n1)CCCC2,active,369.47200000000015,4.6148200000000035,1.0,5.0,7.008773924307505
398,398,CHEMBL3746353,COc1nc2ccccc2n1-c1nc2c(c(NCc3ccccc3)n1)CCCC2,active,385.4710000000002,4.315000000000003,1.0,6.0,7.119186407719209
399,399,CHEMBL3747272,Nc1nc2ccccc2n1-c1nc2c(c(NCc3ccccc3)n1)CNCC2,intermediate,371.4480000000001,2.655500000000001,3.0,7.0,5.301029995663981
400,400,CHEMBL3747081,Cc1nc2ccccc2n1-c1nc2c(c(NCc3ccccc3)n1)CNCC2,intermediate,370.4600000000001,3.3817200000000005,2.0,6.0,5.301029995663981
401,401,CHEMBL3696895,COc1nc2ccccc2n1-c1nc2c(c(NCc3ccccc3)n1)CNCC2,intermediate,386.4590000000001,3.081900000000001,2.0,7.0,5.503901007867428
402,402,CHEMBL3696915,Cc1cc2ccccc2n1-c1nc2c(c(NCc3ccccc3)n1)CCCC2,active,368.48400000000015,5.219820000000004,1.0,4.0,7.327902142064283
403,403,CHEMBL3696924,COc1cc2ccccc2n1-c1nc2c(c(NCc3ccccc3)n1)CCCC2,active,384.4830000000002,4.9200000000000035,1.0,5.0,7.366531544420414
404,404,CHEMBL3696916,CCc1cc2ccccc2n1-c1nc2c(c(NCc3ccccc3)n1)CCCC2,active,382.51100000000014,5.473800000000005,1.0,4.0,6.351639989019068
405,405,CHEMBL3747138,FC(F)(F)c1cc2ccccc2n1-c1nc2c(c(NCc3ccccc3)n1)CCCC2,active,422.45400000000024,5.930200000000005,1.0,4.0,6.186419011431808
406,406,CHEMBL3696925,OCc1cc2ccccc2n1-c1nc2c(c(NCc3ccccc3)n1)CCCC2,active,384.4830000000002,4.403700000000003,2.0,5.0,7.167491087293763
407,407,CHEMBL3696926,COCc1cc2ccccc2n1-c1nc2c(c(NCc3ccccc3)n1)CCCC2,active,398.51000000000016,5.057800000000004,1.0,5.0,6.0996328713435295
408,408,CHEMBL3696917,NCc1cc2ccccc2n1-c1nc2c(c(NCc3ccccc3)n1)CCCC2,active,383.49900000000014,4.370100000000003,2.0,5.0,6.815308569182402
409,409,CHEMBL3747075,Cc1[nH]c2ccccc2c1-c1nc2c(c(NCc3ccccc3)n1)CCCC2,active,368.48400000000015,5.4242200000000045,2.0,3.0,6.826813731587726
410,410,CHEMBL3746833,Cc1nn2ccccc2c1-c1nc2c(c(NCc3ccccc3)n1)CCCC2,active,369.47200000000015,4.590620000000003,1.0,5.0,6.43533393574791
411,411,CHEMBL3746787,Cc1nc2ccccn2c1-c1nc2c(c(NCc3ccccc3)n1)CCCC2,active,369.47200000000015,4.590620000000003,1.0,5.0,6.605548319173784
412,412,CHEMBL3696896,Cc1cc2ccccc2n1-c1nc2c(c(NCc3ccccc3)n1)CNCC2,active,369.4720000000001,3.9867200000000027,2.0,5.0,6.716698771296451
413,413,CHEMBL3747091,Cc1ccc2c(c1)cc(C)n2-c1nc2c(c(NCc3ccccc3)n1)CNCC2,intermediate,383.4990000000001,4.295140000000003,2.0,5.0,5.301029995663981
414,414,CHEMBL3746469,COc1ccc2c(c1)cc(C)n2-c1nc2c(c(NCc3ccccc3)n1)CNCC2,intermediate,399.4980000000001,3.995320000000002,2.0,6.0,5.301029995663981
415,415,CHEMBL3746827,Cc1cc2cc(C#N)ccc2n1-c1nc2c(c(NCc3ccccc3)n1)CNCC2,intermediate,394.48200000000014,3.8584000000000023,2.0,6.0,5.301029995663981
416,416,CHEMBL3747097,Cc1ccc2cc(C)n(-c3nc4c(c(NCc5ccccc5)n3)CNCC4)c2c1,intermediate,383.49900000000014,4.295140000000002,2.0,5.0,5.413412695328245
417,417,CHEMBL3745859,COc1ccc2cc(C)n(-c3nc4c(c(NCc5ccccc5)n3)CNCC4)c2c1,intermediate,399.4980000000001,3.995320000000002,2.0,6.0,5.301029995663981
418,418,CHEMBL3747552,Cc1cc2ccc(C#N)cc2n1-c1nc2c(c(NCc3ccccc3)n1)CNCC2,intermediate,394.48200000000014,3.8584000000000023,2.0,6.0,5.050219791638
419,419,CHEMBL3747371,Cc1cccc2c1cc(C)n2-c1nc2c(c(NCc3ccccc3)n1)CNCC2,active,383.4990000000001,4.295140000000003,2.0,5.0,6.188424994129407
420,420,CHEMBL3747194,COc1cccc2c1cc(C)n2-c1nc2c(c(NCc3ccccc3)n1)CNCC2,intermediate,399.4980000000001,3.995320000000002,2.0,6.0,5.682981898951889
421,421,CHEMBL3746000,Cc1cc2c(C#N)cccc2n1-c1nc2c(c(NCc3ccccc3)n1)CNCC2,active,394.48200000000014,3.8584000000000023,2.0,6.0,6.841637507904751
422,422,CHEMBL3745805,Cc1cc2c(F)cccc2n1-c1nc2c(c(NCc3ccccc3)n1)CNCC2,active,387.4620000000001,4.125820000000003,2.0,5.0,6.465973893943865
423,423,CHEMBL3747140,Cc1cc2c(Cl)cccc2n1-c1nc2c(c(NCc3ccccc3)n1)CNCC2,active,403.91700000000014,4.640120000000004,2.0,5.0,6.199282921717615
424,424,CHEMBL3747600,Cc1cc2c(C(F)(F)F)cccc2n1-c1nc2c(c(NCc3ccccc3)n1)CNCC2,intermediate,437.4690000000002,5.005520000000005,2.0,5.0,5.407601153884436
425,425,CHEMBL3746650,Cc1cc2c(C(=O)O)cccc2n1-c1nc2c(c(NCc3ccccc3)n1)CNCC2,active,413.4810000000002,3.6849200000000017,3.0,6.0,7.022276394711152
426,426,CHEMBL3746179,Cc1cc2c(-c3nnn[nH]3)cccc2n1-c1nc2c(c(NCc3ccccc3)n1)CNCC2,active,437.51100000000025,3.1668200000000004,3.0,8.0,7.823908740944319
427,427,CHEMBL3747647,Cc1cc2c(C(N)=O)cccc2n1-c1nc2c(c(NCc3ccccc3)n1)CNCC2,active,412.49700000000024,3.0856200000000014,3.0,6.0,7.3979400086720375
428,428,CHEMBL3747639,CNC(=O)c1cccc2c1cc(C)n2-c1nc2c(c(NCc3ccccc3)n1)CNCC2,active,426.52400000000017,3.3463200000000013,3.0,6.0,6.667561540084395
429,429,CHEMBL3746879,Cc1cc2c(C(=O)N(C)C)cccc2n1-c1nc2c(c(NCc3ccccc3)n1)CNCC2,intermediate,440.5510000000002,3.6885200000000022,2.0,6.0,5.301029995663981
430,430,CHEMBL3746629,Cc1cc2c(C(=O)NC(C)C)cccc2n1-c1nc2c(c(NCc3ccccc3)n1)CNCC2,intermediate,454.57800000000026,4.124920000000002,3.0,6.0,5.315873074386925
431,431,CHEMBL3747448,Cc1cc2c(C(N)=O)cccc2n1-c1nc2c(c(NCc3ccccc3)n1)CCCC2,active,411.5090000000003,4.3187200000000034,2.0,5.0,8.221848749616356
432,432,CHEMBL3745888,Cc1cc2c(C(N)=O)cccc2n1-c1nc2c(c(NCc3ccccc3)n1)CCNC2,active,412.49700000000024,3.0856200000000014,3.0,6.0,7.1487416512809245
433,433,CHEMBL3747513,Cc1cc2c(C(N)=O)cccc2n1-c1nc2c(c(NCc3ccccc3)n1)COCC2,active,413.4810000000003,3.512620000000002,2.0,6.0,7.958607314841775
434,434,CHEMBL3747049,Cc1cc2c(C(N)=O)cccc2n1-c1nc2c(c(NCc3ccccc3)n1)CCOC2,active,413.4810000000003,3.512620000000002,2.0,6.0,7.638272163982407
435,435,CHEMBL3746912,COc1cccc2c(NCc3ccccc3)nc(-n3c(N)nc4ccccc43)nc12,intermediate,396.4540000000001,4.1716000000000015,2.0,7.0,5.211831628858833
436,436,CHEMBL3746353,COc1nc2ccccc2n1-c1nc2c(c(NCc3ccccc3)n1)CCCC2,intermediate,385.4710000000002,4.315000000000003,1.0,6.0,5.372634143407267
437,437,CHEMBL3696896,Cc1cc2ccccc2n1-c1nc2c(c(NCc3ccccc3)n1)CNCC2,inactive,369.4720000000001,3.9867200000000027,2.0,5.0,4.814741234703415
438,438,CHEMBL3747647,Cc1cc2c(C(N)=O)cccc2n1-c1nc2c(c(NCc3ccccc3)n1)CNCC2,intermediate,412.49700000000024,3.0856200000000014,3.0,6.0,5.747146969020107
439,439,CHEMBL3747448,Cc1cc2c(C(N)=O)cccc2n1-c1nc2c(c(NCc3ccccc3)n1)CCCC2,active,411.5090000000003,4.3187200000000034,2.0,5.0,6.301029995663981
440,440,CHEMBL3747513,Cc1cc2c(C(N)=O)cccc2n1-c1nc2c(c(NCc3ccccc3)n1)COCC2,active,413.4810000000003,3.512620000000002,2.0,6.0,6.167491087293763
441,441,CHEMBL3746912,COc1cccc2c(NCc3ccccc3)nc(-n3c(N)nc4ccccc43)nc12,intermediate,396.4540000000001,4.1716000000000015,2.0,7.0,5.179798540514359
442,442,CHEMBL3746353,COc1nc2ccccc2n1-c1nc2c(c(NCc3ccccc3)n1)CCCC2,intermediate,385.4710000000002,4.315000000000003,1.0,6.0,5.029653123769907
443,443,CHEMBL3696896,Cc1cc2ccccc2n1-c1nc2c(c(NCc3ccccc3)n1)CNCC2,intermediate,369.4720000000001,3.9867200000000027,2.0,5.0,5.0385789059335515
444,444,CHEMBL3747647,Cc1cc2c(C(N)=O)cccc2n1-c1nc2c(c(NCc3ccccc3)n1)CNCC2,intermediate,412.49700000000024,3.0856200000000014,3.0,6.0,5.543633966870957
445,445,CHEMBL3747448,Cc1cc2c(C(N)=O)cccc2n1-c1nc2c(c(NCc3ccccc3)n1)CCCC2,active,411.5090000000003,4.3187200000000034,2.0,5.0,6.236572006437063
446,446,CHEMBL3747513,Cc1cc2c(C(N)=O)cccc2n1-c1nc2c(c(NCc3ccccc3)n1)COCC2,intermediate,413.4810000000003,3.512620000000002,2.0,6.0,5.987162775294828
447,447,CHEMBL3746353,COc1nc2ccccc2n1-c1nc2c(c(NCc3ccccc3)n1)CCCC2,intermediate,385.4710000000002,4.315000000000003,1.0,6.0,5.315154638355588
448,448,CHEMBL3747647,Cc1cc2c(C(N)=O)cccc2n1-c1nc2c(c(NCc3ccccc3)n1)CNCC2,intermediate,412.49700000000024,3.0856200000000014,3.0,6.0,5.698970004336019
449,449,CHEMBL3747448,Cc1cc2c(C(N)=O)cccc2n1-c1nc2c(c(NCc3ccccc3)n1)CCCC2,active,411.5090000000003,4.3187200000000034,2.0,5.0,6.6020599913279625
450,450,CHEMBL3747513,Cc1cc2c(C(N)=O)cccc2n1-c1nc2c(c(NCc3ccccc3)n1)COCC2,active,413.4810000000003,3.512620000000002,2.0,6.0,6.309803919971486
451,451,CHEMBL3220939,O=C(CCl)Nc1cccc(NC2=NS(=O)(=O)c3ccccc32)c1,active,349.7990000000001,2.4249,2.0,4.0,6.431798275933005
452,452,CHEMBL3786710,CC(C)N1CCN(CCNC2CCN(c3cccc(-c4cc5cc(C(F)(F)F)ccc5[nH]4)c3)CC2)CC1,intermediate,513.6520000000003,5.438100000000005,2.0,4.0,5.327902142064283
453,453,CHEMBL3787683,CC(C)N1CCN(CCNC2CCN(c3cccc(-c4cc5cc(S(F)(F)(F)(F)F)ccc5[nH]4)c3)CC2)CC1,inactive,571.7039999999998,7.076700000000008,2.0,4.0,4.667561540084395
454,454,CHEMBL3787674,CC(C)N1CCN(CCNC2CCN(c3cccc(-c4cc5cc([N+](=O)[O-])ccc5[nH]4)c3)CC2)CC1,active,490.6520000000004,4.327500000000003,2.0,6.0,7.301029995663981
455,455,CHEMBL3785307,Cc1ccc2[nH]c(-c3cccc(N4CCC(NCCN5CCN(C(C)C)CC5)CC4)c3)cc2c1,active,459.68200000000036,4.727720000000004,2.0,4.0,6.619788758288394
456,456,CHEMBL3786444,COc1ccc2[nH]c(-c3cccc(N4CCC(NCCN5CCN(C(C)C)CC5)CC4)c3)cc2c1,active,475.6810000000004,4.427900000000004,2.0,5.0,6.1487416512809245
457,457,CHEMBL3786894,CC(C)N1CCN(CCNC2CCN(c3cccc(-c4cc5cc(OC(F)(F)F)ccc5[nH]4)c3)CC2)CC1,intermediate,529.6510000000002,5.317900000000005,2.0,5.0,5.42021640338319
458,458,CHEMBL3800252,C=C1OC(=O)C2(C1=O)[C@H](/C=C/C=C/CCC)C=C[C@@H](O)[C@@H]2O,inactive,304.342,1.4326999999999996,2.0,5.0,4.505845405981558
459,459,CHEMBL3800252,C=C1OC(=O)C2(C1=O)[C@H](/C=C/C=C/CCC)C=C[C@@H](O)[C@@H]2O,inactive,304.342,1.4326999999999996,2.0,5.0,3.744727494896694
460,460,CHEMBL3800252,C=C1OC(=O)C2(C1=O)[C@H](/C=C/C=C/CCC)C=C[C@@H](O)[C@@H]2O,inactive,304.342,1.4326999999999996,2.0,5.0,4.580044251510242
461,461,CHEMBL3696854,COc1cccc2c(NCc3ccccc3)nc(-n3c(C)nc(C)c3C)nc12,inactive,373.46000000000015,4.361460000000003,1.0,6.0,4.6020599913279625
462,462,CHEMBL3696855,CCC1=NC(C)=C(C)C1c1nc(NCc2ccccc2)c2cccc(OC)c2n1,inactive,386.49900000000014,5.492600000000005,1.0,5.0,4.6020599913279625
463,463,CHEMBL3696856,COc1cccc2c(NCc3ccccc3)nc(Cc3ccccc3)nc12,intermediate,355.44100000000003,4.841300000000003,1.0,4.0,5.698970004336019
464,464,CHEMBL3696857,COc1cccc2c(NCc3ccccc3)nc(CCc3ccccc3)nc12,inactive,369.4680000000001,5.035700000000004,1.0,4.0,4.6020599913279625
465,465,CHEMBL3696858,COc1cccc2c(NCc3ccccc3)nc(CCC(C)C)nc12,intermediate,335.4510000000001,4.839100000000004,1.0,4.0,5.0
466,466,CHEMBL3696859,COc1cccc2c(NCc3ccccc3)nc(N3CCOc4ccccc43)nc12,intermediate,398.4660000000002,4.781000000000003,1.0,6.0,5.301029995663981
467,467,CHEMBL3696860,COc1cccc2c(NCc3ccccc3)nc(-n3c(N)nc4cccc(F)c43)nc12,intermediate,414.44400000000013,4.310700000000002,2.0,7.0,5.0
468,468,CHEMBL3696861,COc1cccc2c(NCc3ccccc3)nc(-n3c(C)nc4ccccc43)nc12,intermediate,395.4660000000001,4.897820000000003,1.0,6.0,5.698970004336019
469,469,CHEMBL3696862,COc1cccc2c(NCc3ccccc3)nc(-n3cnc4ccccc43)nc12,intermediate,381.4390000000001,4.589400000000002,1.0,6.0,5.698970004336019
470,470,CHEMBL3696863,COc1cccc2c(NCc3ccccc3)nc(-n3c(OC)nc4ccccc43)nc12,intermediate,411.46500000000015,4.5980000000000025,1.0,7.0,5.698970004336019
471,471,CHEMBL3696864,COc1cccc2c(NCc3ccccc3)nc(Nc3ccccn3)nc12,intermediate,357.4170000000001,4.389100000000003,2.0,6.0,5.0
472,472,CHEMBL3696865,COc1cccc2c(NCc3nccs3)nc(-n3c(N)nc4ccccc43)nc12,inactive,403.4710000000001,3.6281000000000008,2.0,9.0,4.6020599913279625
473,473,CHEMBL3696866,NCCOc1cccc2c(NCc3ccccc3)nc(-n3c(N)nc4ccccc43)nc12,intermediate,425.49600000000015,3.5005000000000015,3.0,8.0,5.698970004336019
474,474,CHEMBL3696867,COCCOc1cccc2c(NCc3ccccc3)nc(-n3c(N)nc4ccccc43)nc12,intermediate,440.5070000000002,4.188200000000002,2.0,8.0,5.698970004336019
475,475,CHEMBL3696868,NC(=O)COc1cccc2c(NCc3ccccc3)nc(-n3c(N)nc4ccccc43)nc12,intermediate,439.47900000000016,3.0271,3.0,8.0,5.698970004336019
476,476,CHEMBL3696869,COCc1cccc2c(NCc3ccccc3)nc(-n3c(N)nc4ccccc43)nc12,intermediate,410.4810000000001,4.309400000000002,2.0,7.0,5.698970004336019
477,477,CHEMBL3696870,Cc1cc2ccccc2n1-c1nc(NCc2ccccc2)c2cccc(CN)c2n1,intermediate,393.49400000000014,4.952920000000003,2.0,5.0,5.698970004336019
478,478,CHEMBL3696871,CN(C)Cc1cccc2c(NCc3ccccc3)nc(-n3c(N)nc4ccccc43)nc12,inactive,423.52400000000017,4.224600000000002,2.0,7.0,4.6020599913279625
479,479,CHEMBL3696872,Nc1nc2ccccc2n1C1S/C(=N\Cc2ccccc2)c2ccsc2S1,intermediate,408.57700000000006,5.6220000000000026,1.0,7.0,5.301029995663981
480,480,CHEMBL3696873,COc1nc2ccccc2n1-c1nc(NCc2ccccc2)c2ncsc2n1,intermediate,388.4560000000001,4.045900000000002,1.0,8.0,5.698970004336019
481,481,CHEMBL3696874,Nc1nc2ccccc2n1-c1nc(NCc2ccccc2)c2nc[nH]c2n1,intermediate,356.39300000000003,2.8861000000000008,3.0,7.0,5.301029995663981
482,482,CHEMBL3696875,Nc1nc2ccccc2n1-c1nc2c(c(NCc3ccccc3)n1)CCC2,intermediate,356.4330000000001,3.4985000000000026,2.0,6.0,5.698970004336019
483,483,CHEMBL3696876,COCc1nc(-n2c(N)nc3ccccc32)nc(NCc2ccccc2)c1C,intermediate,374.44800000000015,3.464620000000002,2.0,7.0,5.301029995663981
484,484,CHEMBL3696877,COc1cccc2c(NCc3ccccc3)nc(Nc3ncc[nH]3)nc12,intermediate,346.39400000000006,3.717200000000001,3.0,6.0,5.0
485,485,CHEMBL3696878,CNc1nc2ccccc2n1-c1nc(NCc2ccccc2)c2cccc(OC)c2n1,intermediate,410.4810000000001,4.631100000000003,2.0,7.0,5.698970004336019
486,486,CHEMBL3696879,COc1cccc2c(NCc3ccccc3)nc(-n3c(N(C)C)nc4ccccc43)nc12,intermediate,424.50800000000015,4.655400000000003,1.0,7.0,5.698970004336019
487,487,CHEMBL3696880,COc1cccc2c(NCc3ccccc3)nc(-n3c(NC(C)=O)nc4ccccc43)nc12,intermediate,438.49100000000016,4.547800000000002,2.0,7.0,5.301029995663981
488,488,CHEMBL3696881,COc1cccc2c(NCc3ccccc3)nc(-c3c(N)[nH]c4ccccc34)nc12,intermediate,395.4660000000001,4.9810000000000025,3.0,5.0,5.698970004336019
489,489,CHEMBL3696882,COc1cccc2c(NCc3ccccc3)nc(N3c4ccccc4CC3C)nc12,intermediate,396.49400000000014,5.333200000000004,1.0,5.0,5.301029995663981
490,490,CHEMBL3696883,COc1cccc2c(NCc3ccccc3)nc(N(C(N)=O)c3ccccc3)nc12,intermediate,399.4540000000001,4.467300000000002,2.0,5.0,5.301029995663981
491,491,CHEMBL3696884,COc1cccc2c(NCc3ccccc3)nc(N3C(=O)Cc4ccccc43)nc12,intermediate,396.45000000000016,4.471300000000003,1.0,5.0,5.698970004336019
492,492,CHEMBL3696885,COc1cccc2c(NCc3ccco3)nc(-n3c(N)nc4ccccc43)nc12,intermediate,386.4150000000001,3.7646000000000015,2.0,8.0,5.301029995663981
493,493,CHEMBL3696886,COc1cccc2c(NCc3ccoc3)nc(-n3c(N)nc4ccccc43)nc12,intermediate,386.4150000000001,3.7646000000000015,2.0,8.0,5.301029995663981
494,494,CHEMBL3696887,COc1cccc2c(NCc3ccccc3)nc(-n3c(=O)[nH]c4ccccc43)nc12,intermediate,397.4380000000001,3.8827000000000016,2.0,6.0,5.698970004336019
495,495,CHEMBL3696888,COc1cccc2c(NCc3ccccc3)nc(-n3c(=O)n(C)c4ccccc43)nc12,intermediate,411.46500000000015,3.8931000000000022,1.0,7.0,5.301029995663981
496,496,CHEMBL3696889,COc1cccc2c(NCc3ccccc3)nc(-n3c(CN)nc4sccc43)nc12,intermediate,416.51000000000016,4.109600000000001,2.0,8.0,5.698970004336019
497,497,CHEMBL3696890,COc1cccc2c(NCc3ccccc3)nc(-n3c(C)cc4ccccc43)nc12,intermediate,394.4780000000001,5.502820000000003,1.0,5.0,5.698970004336019
498,498,CHEMBL3696891,COc1cccc2c(NCc3ccccc3)nc(C(C)c3ccccc3)nc12,intermediate,369.4680000000001,5.402300000000004,1.0,4.0,5.0
499,499,CHEMBL3696892,COc1cccc2c(NCc3ccccc3)nc(C3NCc4ccccc43)nc12,intermediate,382.4670000000001,4.443100000000002,2.0,5.0,5.301029995663981
500,500,CHEMBL3696893,COc1cccc2c(NCc3ccccc3)nc(C3CNc4ccccc43)nc12,intermediate,382.4670000000001,4.807900000000003,2.0,5.0,5.698970004336019
501,501,CHEMBL3696894,COC1=Nc2ccccc2C1c1nc(NCc2ccc(F)cc2)c2cccc(OC)c2n1,intermediate,428.46700000000016,5.211500000000004,1.0,6.0,5.698970004336019
502,502,CHEMBL3696895,COc1nc2ccccc2n1-c1nc2c(c(NCc3ccccc3)n1)CNCC2,intermediate,386.4590000000001,3.081900000000001,2.0,7.0,5.698970004336019
503,503,CHEMBL3696896,Cc1cc2ccccc2n1-c1nc2c(c(NCc3ccccc3)n1)CNCC2,intermediate,369.4720000000001,3.9867200000000027,2.0,5.0,5.698970004336019
504,504,CHEMBL3696897,Cc1cc2ccccc2n1-c1nc2c(c(NCc3ccccc3)n1)CCNC2,intermediate,369.4720000000001,3.9867200000000027,2.0,5.0,5.698970004336019
505,505,CHEMBL3696898,COc1nc2ccccc2n1-c1nc(NCc2ccccc2)c2c(n1)C(=O)NCC2,intermediate,400.4420000000002,2.7221,2.0,7.0,5.301029995663981
506,506,CHEMBL3696899,Cc1cc2ccccc2n1-c1nc2c(c(NCc3ccccc3)n1)CNC2,intermediate,355.44500000000005,3.9442200000000023,2.0,5.0,5.698970004336019
507,507,CHEMBL3696900,COc1cccc2c(NCc3ccccc3)nc(C3c4ccccc4CN3C)nc12,intermediate,396.49400000000014,4.785300000000004,1.0,5.0,5.0
508,508,CHEMBL3696901,CCc1cc2ccccc2n1-c1nc(NCc2ccccc2)c2cccc(OC)c2n1,intermediate,408.5050000000001,5.756800000000005,1.0,5.0,5.698970004336019
509,509,CHEMBL3696902,COc1cccc2c(NCc3ccccc3)nc(-n3c(OC)cc4ccccc43)nc12,intermediate,410.47700000000015,5.203000000000003,1.0,6.0,5.698970004336019
510,510,CHEMBL3696903,COc1cccc2c(NCc3ccccc3)nc(-n3c(CN)cc4ccccc43)nc12,intermediate,409.49300000000017,4.653100000000002,2.0,6.0,5.698970004336019
511,511,CHEMBL3696904,COc1cccc2c(NCc3ccccc3)nc(-n3ccc4ccccc43)nc12,intermediate,380.4510000000001,5.1944000000000035,1.0,5.0,5.698970004336019
512,512,CHEMBL3696905,COc1cccc2c(NCc3ccccc3)nc(-n3cc(C)c4ccccc43)nc12,intermediate,394.4780000000001,5.502820000000003,1.0,5.0,5.0
513,513,CHEMBL3696906,COc1cccc2c(NCc3ccccc3)nc(-c3c(C)oc4ccccc34)nc12,intermediate,395.46200000000016,5.972120000000004,1.0,5.0,5.698970004336019
514,514,CHEMBL3696907,Cc1cc2ccccc2n1-c1nc(NCc2ccccc2)c2cccc(C(N)=O)c2n1,intermediate,407.47700000000015,4.593120000000003,2.0,5.0,5.698970004336019
515,515,CHEMBL3696908,Cc1cc2ccccc2n1-c1nc2c(c(NCc3ccccc3)n1)COC2,intermediate,356.4290000000001,4.371220000000003,1.0,5.0,5.698970004336019
516,516,CHEMBL3696909,Cc1cc2ccccc2n1-c1nc(NCc2ccccc2)c2cccc(C#N)c2n1,intermediate,389.4620000000001,5.365900000000004,1.0,5.0,5.698970004336019
517,517,CHEMBL3696910,Cc1cc2ccccc2n1-c1nc2c(c(NCc3ccccc3)n1)CCN(C(=O)OC(C)(C)C)C2,intermediate,469.5890000000003,5.634220000000005,1.0,6.0,5.698970004336019
518,518,CHEMBL3696911,CC(=O)N1Cc2nc(-n3c(C)cc4ccccc43)nc(NCc3ccccc3)c2C1,intermediate,397.4820000000002,4.203120000000003,1.0,5.0,5.698970004336019
519,519,CHEMBL3696912,CC(=O)N1CCc2nc(-n3c(C)cc4ccccc43)nc(NCc3ccccc3)c2C1,intermediate,411.5090000000002,4.245620000000003,1.0,5.0,5.698970004336019
520,520,CHEMBL3696913,CC(=O)N1CCc2c(nc(C3C(C)=Cc4ccccc43)nc2NCc2ccccc2)C1,intermediate,410.5210000000002,4.542100000000004,1.0,4.0,5.698970004336019
521,521,CHEMBL3696914,COc1cc2ccccc2n1-c1nc(NCc2ccccc2)c2c(n1)C(=O)N(C(=O)OC(C)(C)C)CC2,intermediate,499.57100000000037,4.974600000000004,1.0,8.0,5.698970004336019
522,522,CHEMBL3696915,Cc1cc2ccccc2n1-c1nc2c(c(NCc3ccccc3)n1)CCCC2,intermediate,368.48400000000015,5.219820000000004,1.0,4.0,5.698970004336019
523,523,CHEMBL3696916,CCc1cc2ccccc2n1-c1nc2c(c(NCc3ccccc3)n1)CCCC2,intermediate,382.51100000000014,5.473800000000005,1.0,4.0,5.301029995663981
524,524,CHEMBL3696917,NCc1cc2ccccc2n1-c1nc2c(c(NCc3ccccc3)n1)CCCC2,intermediate,383.49900000000014,4.370100000000003,2.0,5.0,5.698970004336019
525,525,CHEMBL3696918,CC(N)c1cc2ccccc2n1-c1nc2c(c(NCc3ccccc3)n1)CCCC2,intermediate,397.5260000000002,4.931100000000003,2.0,5.0,5.698970004336019
526,526,CHEMBL3696919,COCCOc1cccc2c(NCc3ccccc3)nc(C3C(ON)=Nc4ccccc43)nc12,intermediate,455.5180000000002,4.332900000000002,2.0,8.0,5.698970004336019
527,527,CHEMBL3696920,COCCOc1cccc2c(NCc3ccccc3)nc(-n3c(OC)nc4ccccc43)nc12,intermediate,455.5180000000002,4.614600000000004,1.0,8.0,5.698970004336019
528,528,CHEMBL3696921,COc1cccc2c(NCc3ccccc3)nc(-n3c(CNC(C)=O)cc4ccccc43)nc12,intermediate,451.5300000000002,4.830500000000003,2.0,6.0,5.698970004336019
529,529,CHEMBL3696922,C=CC(=O)NCc1cc2ccccc2n1-c1nc(NCc2ccccc2)c2cccc(OC)c2n1,intermediate,463.5410000000002,4.9966000000000035,2.0,6.0,5.698970004336019
530,530,CHEMBL3696923,CCc1nc2ccccc2n1-c1nc(NCc2ccccc2)c2cccc(OC)c2n1,intermediate,409.4930000000001,5.151800000000004,1.0,6.0,5.698970004336019
531,531,CHEMBL3696924,COc1cc2ccccc2n1-c1nc2c(c(NCc3ccccc3)n1)CCCC2,intermediate,384.4830000000002,4.9200000000000035,1.0,5.0,5.698970004336019
532,532,CHEMBL3696925,OCc1cc2ccccc2n1-c1nc2c(c(NCc3ccccc3)n1)CCCC2,intermediate,384.4830000000002,4.403700000000003,2.0,5.0,5.698970004336019
533,533,CHEMBL3696926,COCc1cc2ccccc2n1-c1nc2c(c(NCc3ccccc3)n1)CCCC2,intermediate,398.51000000000016,5.057800000000004,1.0,5.0,5.698970004336019
534,534,CHEMBL3696927,CN(C)Cc1cc2ccccc2n1-c1nc2c(c(NCc3ccccc3)n1)CCCC2,intermediate,411.5530000000002,4.973000000000004,1.0,5.0,5.698970004336019
535,535,CHEMBL3696928,CC(=O)NCc1cc2ccccc2n1-c1nc2c(c(NCc3ccccc3)n1)CCCC2,intermediate,425.53600000000023,4.547500000000004,2.0,5.0,5.698970004336019
536,536,CHEMBL3696929,NC(=O)NCc1cc2ccccc2n1-c1nc2c(c(NCc3ccccc3)n1)CCCC2,intermediate,426.5240000000002,4.0797000000000025,3.0,5.0,5.698970004336019
537,537,CHEMBL3696930,COC(=O)NCc1cc2ccccc2n1-c1nc2c(c(NCc3ccccc3)n1)CCCC2,intermediate,441.53500000000025,4.767400000000004,2.0,6.0,5.698970004336019
538,538,CHEMBL3696931,CS(=O)(=O)NCc1cc2ccccc2n1-c1nc2c(c(NCc3ccccc3)n1)CCCC2,intermediate,461.59100000000035,3.960600000000003,2.0,6.0,5.698970004336019
539,539,CHEMBL3696917,NCc1cc2ccccc2n1-c1nc2c(c(NCc3ccccc3)n1)CCCC2,intermediate,383.49900000000014,4.370100000000003,2.0,5.0,5.698970004336019
540,540,CHEMBL3639957,CC(=O)C1CCc2c(nc(-n3c(CN)cc4ccccc43)nc2NCc2ccccc2)C1,intermediate,425.5360000000002,4.185200000000003,2.0,6.0,5.698970004336019
541,541,CHEMBL3696932,CCN1CCc2c(nc(-n3c(CN)cc4ccccc43)nc2NCc2ccccc2)C1,intermediate,412.54100000000017,3.8693000000000026,2.0,6.0,5.698970004336019
542,542,CHEMBL3696933,COC(=O)N1CCc2c(nc(-n3c(CN)cc4ccccc43)nc2NCc2ccccc2)C1,intermediate,442.52300000000014,3.615800000000002,2.0,7.0,5.698970004336019
543,543,CHEMBL3696934,NCc1cc2ccccc2n1-c1cc(NCc2ccccc2)c2c(n1)CN(C(N)=O)CC2,intermediate,426.5240000000002,3.533100000000001,3.0,5.0,5.698970004336019
544,544,CHEMBL3696935,CS(=O)(=O)N1CCc2c(nc(-n3c(CN)cc4ccccc43)nc2NCc2ccccc2)C1,intermediate,462.5790000000002,2.809,2.0,7.0,5.698970004336019
545,545,CHEMBL3696936,CNCCN1CCc2c(nc(-n3c(CN)cc4ccccc43)nc2NCc2ccccc2)C1,intermediate,441.58300000000014,3.0688000000000013,3.0,7.0,5.0
546,546,CHEMBL3696937,CNCC(=O)N1CCc2c(nc(-n3c(CN)cc4ccccc43)nc2NCc2ccccc2)C1,intermediate,455.56600000000014,2.5954000000000006,3.0,7.0,5.0
547,547,CHEMBL3696938,COc1cccc2c(NCc3ccccc3)nc(-n3c(/C=C/C#N)cc4ccccc43)nc12,intermediate,431.49900000000014,5.731180000000004,1.0,6.0,5.698970004336019
548,548,CHEMBL3696939,COc1cccc2c(NCc3ccccc3)nc(-n3c(/C=C(/C#N)C(N)=O)cc4ccccc43)nc12,intermediate,474.5240000000002,4.586680000000002,2.0,7.0,5.698970004336019
549,549,CHEMBL3696940,COc1cccc2c(NCc3ccccc3)nc(-n3c(/C=C/S(C)(=O)=O)cc4ccccc43)nc12,intermediate,484.5810000000002,5.209700000000004,1.0,7.0,5.698970004336019
550,550,CHEMBL494655,CC(C)=C[C@@H]1C[C@H](C)c2c(O)cc(C)c3c2C1=C(C)C(=O)C3=O,inactive,310.39300000000003,4.329120000000004,1.0,3.0,4.0
551,551,CHEMBL4099907,C=C1CC[C@@](C)(c2cc(Br)c(C)cc2O)[C@H]1C,inactive,295.21999999999997,4.706920000000005,1.0,1.0,4.0
552,552,CHEMBL4277404,CC(C)N1CCN(C2(CNC3CCN(c4cccc(-c5cc6cc(F)ccc6[nH]5)c4)CC3)COC2)CC1,active,505.6820000000004,4.327400000000004,2.0,5.0,7.045757490560675
553,553,CHEMBL4291440,CC(C)N1CCN(C2(CNC3CCN(c4cccc(-c5cc6cc(F)ccc6[nH]5)c4)CC3)CCC2)CC1,active,503.71000000000043,5.481100000000006,2.0,4.0,7.0
554,554,CHEMBL4280801,CN1CCN(C2(CNC3CCN(c4cccc(-c5cc6cc(F)ccc6[nH]5)c4)CC3)CCC2)CC1,active,475.65600000000035,4.702500000000004,2.0,4.0,7.698970004336019
555,555,CHEMBL4281249,CC(C)N1CC2CN(c3cccc(-c4cc5cc(F)ccc5[nH]4)c3)CC2C1,inactive,363.48000000000013,4.7504000000000035,1.0,2.0,4.721246399047171
556,556,CHEMBL4289124,CC(C)N1CCN(C2CCN(c3cccc(-c4cc5cc(F)ccc5[nH]4)c3)CC2)CC1,intermediate,420.5760000000002,4.968800000000004,1.0,3.0,5.3223930472795065
557,557,CHEMBL4284654,CC(C)N1CCC2(CCN(c3cccc(-c4cc5cc(F)ccc5[nH]4)c3)CC2)CC1,intermediate,405.5610000000002,6.064800000000006,1.0,2.0,5.94692155651658
558,558,CHEMBL4292540,CC(C)N1CCC(N[C@H]2CC[C@@H](c3cccc(-c4cc5cc(F)ccc5[nH]4)c3)CC2)CC1,intermediate,433.61500000000024,6.462600000000006,2.0,2.0,5.370590400897281
559,559,CHEMBL4278176,CC(C)N1CCC(N[C@H]2CC[C@H](c3cccc(-c4cc5cc(F)ccc5[nH]4)c3)CC2)CC1,active,433.61500000000024,6.462600000000006,2.0,2.0,6.7447274948966935
560,560,CHEMBL4288865,CC(C)N1CCC(NC2CCN(c3cccc(-c4cc5cc(F)ccc5[nH]4)c3)CC2)CC1,active,434.60300000000024,5.405200000000004,2.0,3.0,7.301029995663981
561,561,CHEMBL4276697,CC(C)N1CCN(C(=O)CCNC2CCN(c3cccc(-c4cc5cc(F)ccc5[nH]4)c3)CC2)CC1,active,491.65500000000026,4.475100000000004,2.0,4.0,6.721246399047171
562,562,CHEMBL4287346,CN(C)CCNC1CCN(c2cccc(-c3cc4cc(F)ccc4[nH]3)c2)CC1,active,380.51100000000014,4.094000000000003,2.0,3.0,6.096910013008056
563,563,CHEMBL4280125,CC(C)N1CCN(CCNC2CCN(c3cccc(-c4cc5cc(F)ccc5[nH]4)c3)CC2)CC1,active,463.6450000000003,4.558400000000004,2.0,4.0,7.154901959985743
564,564,CHEMBL4290763,CC(C)N1CCN(CCCNC2CCN(c3cccc(-c4cc5ccccc5[nH]4)c3)CC2)CC1,active,459.6820000000003,4.809400000000005,2.0,4.0,6.42021640338319
565,565,CHEMBL4288427,CC(C)(C)N1CCN(CCNC2CCN(c3cccc(-c4cc5ccccc5[nH]4)c3)CC2)CC1,active,459.6820000000003,4.809400000000005,2.0,4.0,6.6777807052660805
566,566,CHEMBL4280546,CC(C)N1CCN(CCNC2CCN(c3cccc(-c4cc5ccccc5[nH]4)c3)CC2)CC1,active,445.6550000000003,4.419300000000003,2.0,4.0,6.795880017344075
567,567,CHEMBL4276767,Cn1ncnc1CCNC1CCN(c2cccc(-c3cc4ccccc4[nH]3)c2)CC1,active,400.53000000000014,3.7645000000000017,2.0,5.0,6.00436480540245
568,568,CHEMBL4276767,Cn1ncnc1CCNC1CCN(c2cccc(-c3cc4ccccc4[nH]3)c2)CC1,intermediate,400.53000000000014,3.7645000000000017,2.0,5.0,5.619788758288394
569,569,CHEMBL4288109,c1ccc(CCNC2CCN(c3cccc(-c4cc5ccccc5[nH]4)c3)CC2)cc1,intermediate,395.5500000000001,5.636000000000005,2.0,2.0,5.583359492661719
570,570,CHEMBL4280200,c1ccc(CCNC2CCN(c3cccc(-c4cc5ccccc5[nH]4)c3)CC2)nc1,intermediate,396.5380000000001,5.031000000000003,2.0,3.0,5.978810700930062
571,571,CHEMBL4282777,c1ccc(CNC2CCN(c3cccc(-c4cc5ccccc5[nH]4)c3)CC2)nc1,intermediate,382.51100000000014,4.988500000000004,2.0,3.0,5.97469413473523
572,572,CHEMBL4293387,c1cc(-c2cc3ccccc3[nH]2)cc(N2CCC(NCCN3CCNCC3)CC2)c1,active,403.5740000000003,3.2985000000000007,3.0,4.0,6.481486060122113
573,573,CHEMBL4283987,CN1CCN(CCNC2CCN(c3cccc(-c4cc5ccccc5[nH]4)c3)CC2)CC1,active,417.6010000000002,3.6407000000000025,2.0,4.0,6.552841968657781
574,574,CHEMBL4291849,CCN1CCN(CCNC2CCN(c3cccc(-c4cc5ccccc5[nH]4)c3)CC2)CC1,active,431.62800000000027,4.030800000000003,2.0,4.0,6.698970004336019
575,575,CHEMBL4573319,Cc1cc2c(NS(=O)(=O)C(F)(F)F)cccc2n1-c1nc2c(c(NCc3ccccc3)n1)COCC2,active,517.5330000000002,4.675220000000003,2.0,7.0,6.996108833763089
576,576,CHEMBL4451017,Cc1cc2c(NS(=O)(=O)C3CC3)cccc2n1-c1nc2c(c(NCc3ccccc3)n1)COCC2,active,489.60100000000034,4.317820000000003,2.0,7.0,7.460923901207224
577,577,CHEMBL4461462,Cc1cc2c(NS(=O)(=O)c3ccccc3)cccc2n1-c1nc2c(c(NCc3ccccc3)n1)COCC2,active,525.6340000000004,5.214520000000005,2.0,7.0,6.869988050328096
578,578,CHEMBL4461505,Cc1cc2c(NS(C)(=O)=O)cccc2n1-c1nc2c(c(NCc3ccccc3)n1)COCC2,active,463.56300000000033,3.7852200000000025,2.0,7.0,7.438898616350944
579,579,CHEMBL4574654,C=CC(=O)Nc1cccc2c1cc(C)n2-c1nc2c(c(NCc3ccncc3)n1)COCC2,intermediate,440.50700000000023,3.933220000000002,2.0,7.0,5.2920467918485095
580,580,CHEMBL4555198,Cc1cc2c(NC(=O)CN3CCCC3)cccc2n1-c1nc2c(c(NCc3ccccc3)n1)COCC2,active,496.6150000000003,4.448020000000003,2.0,7.0,6.348043930466925
581,581,CHEMBL4473427,Cc1cc2c(NC(=O)/C=C/CN(C)C)cccc2n1-c1nc2c(c(NCc3ccccc3)n1)COCC2,active,496.61500000000035,4.470020000000003,2.0,7.0,6.412176828681045
582,582,CHEMBL4584967,Cc1cc2c(NC(=O)/C=C/c3ccccc3)cccc2n1-c1nc2c(c(NCc3ccccc3)n1)COCC2,active,515.6170000000003,6.065620000000005,2.0,6.0,6.349498205121633
583,583,CHEMBL4453010,C=CC(=O)Nc1cccc2c1cc(C)n2-c1nc2c(c(NCc3ccccc3)n1)COCC2,active,439.51900000000023,4.538220000000003,2.0,6.0,7.2343314452409855
584,584,CHEMBL4576017,Cc1cc2c(NC(=O)CCl)cccc2n1-c1nc2c(c(NCc3ccccc3)n1)COCC2,active,461.9530000000003,4.591020000000003,2.0,6.0,6.5113083016830595
585,585,CHEMBL4530376,CC(=O)Nc1cccc2c1cc(C)n2-c1nc2c(c(NCc3ccccc3)n1)COCC2,active,427.5080000000002,4.3721200000000024,2.0,6.0,6.888065723667318
586,586,CHEMBL3747513,Cc1cc2c(C(N)=O)cccc2n1-c1nc2c(c(NCc3ccccc3)n1)COCC2,active,413.4810000000003,3.512620000000002,2.0,6.0,7.568636235841013
587,587,CHEMBL4581661,Cc1cc2c(C(N)=O)cccc2n1-c1nccc(NCc2ccccc2)n1,active,357.41700000000014,3.4399200000000016,2.0,5.0,6.793443955900971
588,588,CHEMBL4439188,Cc1cc2c(C(N)=O)cccc2n1-c1nc2c(c(NCc3ccccc3)n1)CCCCCC2,active,439.5630000000004,5.098920000000004,2.0,5.0,6.921905849593589
589,589,CHEMBL4455739,Cc1cc2c(C(N)=O)cccc2n1-c1nc2c(c(NCc3ccccc3)n1)CCCCC2,active,425.53600000000034,4.708820000000004,2.0,5.0,7.08196966321512
590,590,CHEMBL4445574,CC(=O)Nc1cccc2c1ccn2-c1nc2c(c(NCc3ccccc3)n1)COCC2,active,413.4810000000002,4.0637000000000025,2.0,6.0,6.035221977977624
591,591,CHEMBL4468726,Cc1cc2c(C(N)=S)cccc2n1-c1nc2c(c(NCc3ccccc3)n1)COCC2,active,429.54900000000026,4.047920000000002,2.0,6.0,6.715343717211484
592,592,CHEMBL4280125,CC(C)N1CCN(CCNC2CCN(c3cccc(-c4cc5cc(F)ccc5[nH]4)c3)CC2)CC1,active,463.6450000000003,4.558400000000004,2.0,4.0,7.698970004336019
593,593,CHEMBL4549090,CC(C)N1CCN(CCNC2CCN(c3cccc(-c4cc5cc(C(=O)N(C)C)ccc5[nH]4)c3)CC2)CC1,inactive,516.7340000000004,4.121100000000003,2.0,5.0,4.503070351926785
594,594,CHEMBL3786710,CC(C)N1CCN(CCNC2CCN(c3cccc(-c4cc5cc(C(F)(F)F)ccc5[nH]4)c3)CC2)CC1,intermediate,513.6520000000003,5.438100000000005,2.0,4.0,5.337242168318426
595,595,CHEMBL3785307,Cc1ccc2[nH]c(-c3cccc(N4CCC(NCCN5CCN(C(C)C)CC5)CC4)c3)cc2c1,active,459.68200000000036,4.727720000000004,2.0,4.0,6.619788758288394
596,596,CHEMBL4445673,CC(C)N1CCN(CCNC2CCN(c3cccc(-c4cc5cc(C#N)ccc5[nH]4)c3)CC2)CC1,active,470.66500000000036,4.290980000000004,2.0,5.0,7.356547323513812
597,597,CHEMBL4450581,Cc1cc(OCc2nnc(SC3CCCC3)n2-c2cccnc2)ccc1C#CCNC(C)C,active,461.63500000000016,4.933920000000004,1.0,7.0,8.154901959985743
598,598,CHEMBL4476693,[2H]C1([2H])C([2H])([2H])C([2H])([2H])C([2H])(Sc2ncc(COc3cc(F)c(C#CCOC(=O)NC4CCN(C)CC4)cc3F)n2-c2cccnc2)C1([2H])[2H],active,590.7439160020004,5.3311000000000055,1.0,8.0,8.096910013008056
599,599,CHEMBL3746912,COc1cccc2c(NCc3ccccc3)nc(-n3c(N)nc4ccccc43)nc12,active,396.4540000000001,4.1716000000000015,2.0,7.0,6.958607314841775
600,600,CHEMBL1613563,COc1ccc(C(=O)c2oc3ccccc3c2NC(C)=O)cc1,inactive,309.321,3.6308000000000016,1.0,4.0,4.0
601,601,CHEMBL104,Clc1ccccc1C(c1ccccc1)(c1ccccc1)n1ccnc1,intermediate,344.845,5.376700000000004,0.0,2.0,5.853871964321762
602,602,CHEMBL4458150,[N-]=[N+]=Nc1cccc(-n2c(COc3ccc(CCCO)cc3)nnc2SC2CCCC2)c1,intermediate,450.56800000000015,5.747700000000005,1.0,7.0,5.958607314841775
603,603,CHEMBL4576291,[N-]=[N+]=Nc1cccc(OCc2nnc(SC3CCCC3)n2-c2cccnc2)c1,active,393.4760000000001,5.217800000000004,0.0,7.0,6.119186407719209
604,604,CHEMBL104,Clc1ccccc1C(c1ccccc1)(c1ccccc1)n1ccnc1,inactive,344.845,5.376700000000004,0.0,2.0,4.920818753952375
605,605,CHEMBL4078658,C[C@H]1CCC/C=C/C(=O)c2c(O)c(Cl)c(O)c(Cl)c2CC(=O)O1,intermediate,359.20500000000015,3.801600000000003,2.0,5.0,5.102372908709558
606,606,CHEMBL2047407,CC(=O)OCC1=C(C)C[C@H]([C@@H](C)[C@H]2CC[C@H]3[C@@H]4C[C@H]5O[C@]56[C@@H](O)C=CC(=O)[C@]6(C)[C@H]4CC[C@@]32C)OC1=O,inactive,512.6430000000004,3.923700000000003,1.0,7.0,4.657577319177793
607,607,CHEMBL4078658,C[C@H]1CCC/C=C/C(=O)c2c(O)c(Cl)c(O)c(Cl)c2CC(=O)O1,inactive,359.20500000000015,3.801600000000003,2.0,5.0,4.815308569182401
608,608,CHEMBL3220939,O=C(CCl)Nc1cccc(NC2=NS(=O)(=O)c3ccccc32)c1,active,349.7990000000001,2.4249,2.0,4.0,6.431798275933005
609,609,CHEMBL4572843,Fc1ccc(C(CCCNCC2CCc3[nH]c4ccc(F)cc4c3C2)c2ccc(F)cc2)cc1,intermediate,462.55900000000014,6.892000000000006,2.0,1.0,5.142667503568732
