molecule_chembl_id,canonical_smiles,standard_value,bioactivity_class
CHEMBL1087626,FC(F)(F)c1cccc(Nc2nc(-c3ccc(Cl)cc3)cs2)c1,8300.0,intermediate
CHEMBL1076555,Oc1ccc(Nc2nc(-c3ccc(Cl)cc3)cs2)cc1,70.0,active
CHEMBL1080890,Nc1ccc(Nc2nc(-c3ccc(Cl)cc3)cs2)cc1,80.0,active
CHEMBL1080392,CC(=O)Nc1ccc(Nc2nc(-c3ccc(Cl)cc3)cs2)cc1,10000.0,intermediate
CHEMBL1076549,NC(=O)c1ccc(Nc2nc(-c3ccc(Cl)cc3)cs2)cc1,20000.0,inactive
CHEMBL562493,Oc1ccc(Nc2nc(-c3ccccc3)cs2)cc1,190.0,active
CHEMBL1081262,Oc1ccc(Nc2nc(-c3cccs3)cs2)cc1,110.0,active
CHEMBL579212,Oc1ccc(Nc2nc(-c3ccccn3)cs2)cc1,230.0,active
CHEMBL373909,Oc1ccc(Nc2nc(-c3cccnc3)cs2)cc1,300.0,active
CHEMBL565257,Oc1ccc(Nc2nc(-c3ccncc3)cs2)cc1,290.0,active
CHEMBL1076559,Oc1ccc(Nc2nc(-c3ccc4ccccc4c3)cs2)cc1,1300.0,intermediate
CHEMBL1081276,Oc1ccc(Nc2nc(-c3ccccc3F)cs2)cc1,360.0,active
CHEMBL1081115,COc1ccccc1-c1csc(Nc2ccc(O)cc2)n1,670.0,active
CHEMBL1081116,Oc1ccc(Nc2nc(-c3ccccc3C(F)(F)F)cs2)cc1,2700.0,intermediate
CHEMBL1081463,O=[N+]([O-])c1cccc(-c2csc(Nc3ccc(O)cc3)n2)c1,760.0,active
CHEMBL1081626,Oc1ccc(Nc2nc(-c3cccc(O)c3)cs2)cc1,120.0,active
CHEMBL1081627,N#Cc1ccc(-c2csc(Nc3ccc(O)cc3)n2)cc1,180.0,active
CHEMBL1081480,COc1ccc(-c2csc(Nc3ccc(O)cc3)n2)cc1,2000.0,intermediate
CHEMBL1081482,Oc1ccc(Nc2nc(-c3ccc(Cl)c(Cl)c3)cs2)cc1,430.0,active
CHEMBL1076570,Oc1ccc(Nc2ncc(-c3ccccc3)o2)cc1,91.0,active
CHEMBL1081994,COc1ccccc1-c1cnc(Nc2ccc(O)cc2)o1,120.0,active
CHEMBL1082173,Oc1ccc(Nc2ncc(-c3cccc(Cl)c3)o2)cc1,140.0,active
CHEMBL1082174,COc1cccc(-c2cnc(Nc3ccc(O)cc3)o2)c1,170.0,active
CHEMBL1082175,O=C(O)c1cccc(-c2cnc(Nc3ccc(O)cc3)o2)c1,190.0,active
CHEMBL1076585,Oc1ccc(Nc2ncc(-c3ccc(Cl)cc3)o2)cc1,330.0,active
CHEMBL1082184,Oc1ccc(Nc2ncc(-c3ccc(N4CCOCC4)cc3)o2)cc1,130.0,active
CHEMBL1082029,CCN(CC)c1ccc(-c2cnc(Nc3ccc(O)cc3)o2)cc1,230.0,active
CHEMBL1318338,CCOC(=O)/C(C#N)=C/c1c2ccccc2cc2ccccc12,50000.0,inactive
CHEMBL1446122,CCOc1ccc(-c2csc(Nc3ccc(C#N)cc3)n2)cc1,50000.0,inactive
CHEMBL1355382,CCOC(=O)/C(C#N)=C/c1ccc(F)cc1[N+](=O)[O-],50000.0,inactive
CHEMBL1593304,N#Cc1ccc(Nc2nc(-c3ccc(C#N)cc3)cs2)cc1,50000.0,inactive
CHEMBL1434737,N#C/C=C/c1ccccc1Nc1ccc(S(N)(=O)=O)cc1,50000.0,inactive
CHEMBL1484797,CCOC(=O)/C(C#N)=C/c1ccc([N+](=O)[O-])cc1,50000.0,inactive
CHEMBL1373154,Cc1cc(-c2csc(Nc3ccc(C#N)cc3)n2)c(C)n1CCc1ccccc1,50000.0,inactive
CHEMBL1364907,Cc1cc(-c2csc(Nc3ccc(C#N)cc3)n2)c(C)n1Cc1ccccc1,50000.0,inactive
CHEMBL1593230,N#Cc1ccc(Nc2nc(-c3ccc(O)cc3O)cs2)cc1,4713.0,intermediate
CHEMBL1362311,CCOC(=O)/C(C#N)=C/c1sc2ccccc2c1-c1ccccc1,50000.0,inactive
CHEMBL1515723,CCOC(=O)/C(C#N)=C/c1c[nH]c2ccc(C#N)cc12,50000.0,inactive
CHEMBL1476178,N#Cc1ccc(Nc2nc(-c3cccc(Br)c3)cs2)cc1,50000.0,inactive
CHEMBL1314351,Cc1cc(-c2csc(Nc3ccc(C#N)cc3)n2)c(C)n1C,50000.0,inactive
CHEMBL1356663,N#CC(C#N)=Cc1c2ccccc2cc2ccccc12,50000.0,inactive
CHEMBL1434053,CCOC(=O)/C(C#N)=C/c1ccc(C#N)cc1,50000.0,inactive
CHEMBL1490267,N#Cc1ccc(Nc2nc(-c3ccc(O)cc3O)cs2)cc1C(F)(F)F,13490.0,inactive
CHEMBL1516388,CC(=O)O.Cc1cc2c(C(C)C)c(O)c(O)c(C=O)c2c(O)c1-c1c(C)cc2c(C(C)C)c(O)c(O)c(C=O)c2c1O,5386.0,intermediate
CHEMBL1418796,CC(=O)Oc1cc2c3c(c1)/C(=C1/SC(=S)NC1=O)C(=O)N3C(C)(C)C=C2C,50000.0,inactive
CHEMBL239103,NS(=O)(=O)c1ccc(Nc2nc(-c3ccc(O)cc3O)cs2)cc1,24160.0,inactive
CHEMBL1399109,O=C(CCl)Nc1nc(-c2ccco2)c(-c2ccco2)s1,50000.0,inactive
CHEMBL1458321,O=C(NC1(O)C(=O)c2ccccc2C1=O)c1c(Cl)cccc1Cl,50000.0,inactive
CHEMBL1329974,O=C(O)CSc1cc(NS(=O)(=O)c2cccc([N+](=O)[O-])c2)c2ccccc2c1O,50000.0,inactive
CHEMBL1575869,CCCCn1c(NC(=O)c2ccccc2Cl)c(C#N)c2nc3ccccc3nc21,50000.0,inactive
CHEMBL3193664,Oc1ccc(/C=N/Nc2ccnc3cc(Cl)ccc23)cc1O,36480.0,inactive
CHEMBL1989852,COc1ccc2ccccc2c1/C=N/NC(=O)c1sc(N)c(C#N)c1C,2584.0,intermediate
CHEMBL1529285,O=C(O)c1ccc(NS(=O)(=O)c2ccc3c(c2)C2C=CCC2C(c2ccccc2F)N3)cc1,19000.0,inactive
CHEMBL496,Oc1c(Cl)cc(Cl)c(Cl)c1Cc1c(O)c(Cl)cc(Cl)c1Cl,5488.0,intermediate
CHEMBL591404,N=C(N)N/N=C/c1ccc(OCc2ccc(Cl)cc2Cl)cc1,50000.0,inactive
CHEMBL1499658,COc1cccc(-n2c(SCc3cc(=O)oc4cc(O)c(O)cc34)nc3ccccc3c2=O)c1,21060.0,inactive
CHEMBL2001831,O=C(CCl)c1c[nH]c(/C=N/Nc2ccccc2Cl)c1,50000.0,inactive
CHEMBL1302170,O=S(=O)(Nc1cc2nc3ccccc3nc2n1Cc1ccccc1)c1ccc(Cl)cc1,50000.0,inactive
CHEMBL463175,CC1CC(=O)c2c(cc3c(-c4c(O)cc(O)c5c(O)c6c(cc45)OC(C)CC6=O)c(O)cc(O)c3c2O)O1,43860.0,inactive
CHEMBL1333429,COC(=O)c1ccccc1NC(=S)NC(=O)c1ccccc1C,50000.0,inactive
CHEMBL1517,CN(C)[C@@H]1C(O)=C(C(N)=O)C(=O)[C@@]2(O)C(O)=C3C(=O)c4c(O)cccc4[C@@](C)(O)[C@H]3[C@H](O)[C@@H]12,50000.0,inactive
CHEMBL1972037,NS(=O)(=O)c1ccc(N/N=C/c2ccc(O)c(O)c2O)c([N+](=O)[O-])c1,50000.0,inactive
CHEMBL1303508,O=C1NC(=S)S/C1=C\c1c(-c2ccccc2)[nH]c2ccccc12,50000.0,inactive
CHEMBL601757,Cc1nc2c(=O)n(C)c(=O)nc-2n(C)n1,50000.0,inactive
CHEMBL1462375,Cc1[nH]c2ccccc2c1C(=O)CCl,50000.0,inactive
CHEMBL1362734,CCn1nc([N+](=O)[O-])c(C(C#N)c2nc3cc(C(F)(F)F)ccc3s2)c(Cl)c1=O,50000.0,inactive
CHEMBL1362595,CC(C)c1nc2sc3c(S)ncnc3c2c2c1CCC2,42210.0,inactive
CHEMBL1424118,Nc1nc(CCl)nc(Nc2ccc3ccccc3c2)n1,50000.0,inactive
CHEMBL1606112,O=C(Nc1ccc(F)cc1)C1C(c2ccccc2)C1(Cl)Cl,50000.0,inactive
CHEMBL1532953,CCCCn1c(NS(=O)(=O)c2ccc(C)cc2)c(S(=O)(=O)c2ccccc2)c2nc3ccccc3nc21,50000.0,inactive
CHEMBL1375922,Fc1ccccc1-c1nc(NCc2ccccc2)c2ccccc2n1,50000.0,inactive
CHEMBL2005296,COc1ccc(/C=N/Nc2nnc(-c3ccccc3)c(O)n2)cc1,50000.0,inactive
CHEMBL1425538,O=C(O[C@@H]1OC2COC(=O)c3cc(O)c(O)c(O)c3-c3c(cc(O)c(O)c3O)C(=O)O[C@H]([C@@H]2O)[C@H]1O)c1cc(O)c(O)c(O)c1,4195.0,intermediate
CHEMBL1306199,N#Cc1c(NC(=O)c2ccccc2Cl)n(Cc2ccccc2)c2nc3ccccc3nc12,50000.0,inactive
CHEMBL1306258,Cc1cc(Nc2ccccc2)nc(-c2ccccc2O)n1,50000.0,inactive
CHEMBL1306425,[O-][n+]1onc2c1CCc1[nH]c(-c3ccccc3)nc1-2,50000.0,inactive
CHEMBL1560833,Cc1n[nH]c(S/C(=C\c2ccc(-c3ccc(C(=O)O)c(Cl)c3)o2)C(=O)O)n1,50000.0,inactive
CHEMBL1416392,CSC1=NSC2=NC(=O)/C(=C\c3c(C)[nH]c4ccccc34)C(=N)N12,21670.0,inactive
CHEMBL1504948,Cc1[nH]c2ccccc2c1/C=C1/C(=N)N2C(=NC1=O)SN=C2S(=O)(=O)CC(C)C,12330.0,inactive
CHEMBL1426692,N#Cc1c(N2CCCCC2)nc(N)c2c(N)nc(SCC(=O)O)cc12,50000.0,inactive
CHEMBL1307594,Oc1cc(CCl)nc2nc3ccccc3n12,50000.0,inactive
CHEMBL1404929,O=C(NNc1c2ccccc2nc2ccccc12)c1ccc(O)cc1O,50000.0,inactive
CHEMBL1544997,Cn1cc(C(=O)CCl)c2ccccc21,50000.0,inactive
CHEMBL1417692,Cc1ccc2[nH]cc(C(=O)CCl)c2c1,50000.0,inactive
CHEMBL51931,O=C1C(=O)c2ccccc2-c2ccccc21,50000.0,inactive
CHEMBL1484370,Cc1no[n+]([O-])c1COc1ccccc1/C=C1\NC(=S)NC1=O,50000.0,inactive
CHEMBL1613272,Cc1ccccc1C(=O)Nc1nc2c(C)csc2c(=O)s1,50000.0,inactive
CHEMBL1418273,COc1ccccc1C(=O)Oc1cc(N)n(S(=O)(=O)c2ccc(C)cc2)n1,50000.0,inactive
CHEMBL1484618,O=C(OCC(=O)c1c[nH]c2ccccc12)c1ccc([N+](=O)[O-])s1,50000.0,inactive
CHEMBL1524172,O=C(O)c1cccc(NN=C2c3ccccc3-c3ccccc32)c1,50000.0,inactive
CHEMBL1547025,Cl.c1ccc(CNc2nc(NCc3ccccc3)c3ccccc3n2)cc1,50000.0,inactive
CHEMBL63354,O=c1cc(-c2ccc(O)c(-c3c(O)cc(O)c4c(=O)cc(-c5ccc(O)cc5)oc34)c2)oc2cc(O)cc(O)c12,8984.0,intermediate
CHEMBL1334062,Cn1nc(-c2ccc(Cl)cc2)nc2c(=O)n(C)c(=O)nc1-2,50000.0,inactive
CHEMBL1588106,N=C1/C(=C\c2coc3ccccc3c2=O)C(=O)N=C2SC(c3ccncc3)=NN12,11140.0,inactive
CHEMBL1511080,Oc1ccc(Cl)cc1/C=C(\Cl)c1nc(O)c2ccc(Cl)cc2n1,50000.0,inactive
CHEMBL1603938,Cc1ccc(C)c(SCC(=O)OC/C(O)=C(\C#N)c2nc3ccccc3[nH]2)c1,50000.0,inactive
CHEMBL3199301,Cc1ccc(SC/C(O)=C(\C#N)c2nc3ccccc3s2)cc1,50000.0,inactive
CHEMBL1356663,N#CC(C#N)=Cc1c2ccccc2cc2ccccc12,50000.0,inactive
CHEMBL1434053,CCOC(=O)/C(C#N)=C/c1ccc(C#N)cc1,50000.0,inactive
CHEMBL1373154,Cc1cc(-c2csc(Nc3ccc(C#N)cc3)n2)c(C)n1CCc1ccccc1,50000.0,inactive
CHEMBL1355382,CCOC(=O)/C(C#N)=C/c1ccc(F)cc1[N+](=O)[O-],50000.0,inactive
CHEMBL1362311,CCOC(=O)/C(C#N)=C/c1sc2ccccc2c1-c1ccccc1,50000.0,inactive
CHEMBL1593230,N#Cc1ccc(Nc2nc(-c3ccc(O)cc3O)cs2)cc1,50000.0,inactive
CHEMBL1434737,N#C/C=C/c1ccccc1Nc1ccc(S(N)(=O)=O)cc1,50000.0,inactive
CHEMBL1593304,N#Cc1ccc(Nc2nc(-c3ccc(C#N)cc3)cs2)cc1,50000.0,inactive
CHEMBL1364907,Cc1cc(-c2csc(Nc3ccc(C#N)cc3)n2)c(C)n1Cc1ccccc1,50000.0,inactive
CHEMBL1490267,N#Cc1ccc(Nc2nc(-c3ccc(O)cc3O)cs2)cc1C(F)(F)F,50000.0,inactive
CHEMBL1476178,N#Cc1ccc(Nc2nc(-c3cccc(Br)c3)cs2)cc1,50000.0,inactive
CHEMBL1515723,CCOC(=O)/C(C#N)=C/c1c[nH]c2ccc(C#N)cc12,50000.0,inactive
CHEMBL1484797,CCOC(=O)/C(C#N)=C/c1ccc([N+](=O)[O-])cc1,50000.0,inactive
CHEMBL1318338,CCOC(=O)/C(C#N)=C/c1c2ccccc2cc2ccccc12,50000.0,inactive
CHEMBL1446122,CCOc1ccc(-c2csc(Nc3ccc(C#N)cc3)n2)cc1,50000.0,inactive
CHEMBL1314351,Cc1cc(-c2csc(Nc3ccc(C#N)cc3)n2)c(C)n1C,50000.0,inactive
CHEMBL1516388,CC(=O)O.Cc1cc2c(C(C)C)c(O)c(O)c(C=O)c2c(O)c1-c1c(C)cc2c(C(C)C)c(O)c(O)c(C=O)c2c1O,15540.0,inactive
CHEMBL1418796,CC(=O)Oc1cc2c3c(c1)/C(=C1/SC(=S)NC1=O)C(=O)N3C(C)(C)C=C2C,50000.0,inactive
CHEMBL239103,NS(=O)(=O)c1ccc(Nc2nc(-c3ccc(O)cc3O)cs2)cc1,50000.0,inactive
CHEMBL1399109,O=C(CCl)Nc1nc(-c2ccco2)c(-c2ccco2)s1,50000.0,inactive
CHEMBL1458321,O=C(NC1(O)C(=O)c2ccccc2C1=O)c1c(Cl)cccc1Cl,50000.0,inactive
CHEMBL1329974,O=C(O)CSc1cc(NS(=O)(=O)c2cccc([N+](=O)[O-])c2)c2ccccc2c1O,17430.0,inactive
CHEMBL1575869,CCCCn1c(NC(=O)c2ccccc2Cl)c(C#N)c2nc3ccccc3nc21,50000.0,inactive
CHEMBL3193664,Oc1ccc(/C=N/Nc2ccnc3cc(Cl)ccc23)cc1O,50000.0,inactive
CHEMBL1989852,COc1ccc2ccccc2c1/C=N/NC(=O)c1sc(N)c(C#N)c1C,50000.0,inactive
CHEMBL1529285,O=C(O)c1ccc(NS(=O)(=O)c2ccc3c(c2)C2C=CCC2C(c2ccccc2F)N3)cc1,50000.0,inactive
CHEMBL496,Oc1c(Cl)cc(Cl)c(Cl)c1Cc1c(O)c(Cl)cc(Cl)c1Cl,50000.0,inactive
CHEMBL591404,N=C(N)N/N=C/c1ccc(OCc2ccc(Cl)cc2Cl)cc1,50000.0,inactive
CHEMBL1499658,COc1cccc(-n2c(SCc3cc(=O)oc4cc(O)c(O)cc34)nc3ccccc3c2=O)c1,50000.0,inactive
CHEMBL2001831,O=C(CCl)c1c[nH]c(/C=N/Nc2ccccc2Cl)c1,50000.0,inactive
CHEMBL1302170,O=S(=O)(Nc1cc2nc3ccccc3nc2n1Cc1ccccc1)c1ccc(Cl)cc1,50000.0,inactive
CHEMBL463175,CC1CC(=O)c2c(cc3c(-c4c(O)cc(O)c5c(O)c6c(cc45)OC(C)CC6=O)c(O)cc(O)c3c2O)O1,50000.0,inactive
CHEMBL1333429,COC(=O)c1ccccc1NC(=S)NC(=O)c1ccccc1C,50000.0,inactive
CHEMBL1517,CN(C)[C@@H]1C(O)=C(C(N)=O)C(=O)[C@@]2(O)C(O)=C3C(=O)c4c(O)cccc4[C@@](C)(O)[C@H]3[C@H](O)[C@@H]12,50000.0,inactive
CHEMBL1972037,NS(=O)(=O)c1ccc(N/N=C/c2ccc(O)c(O)c2O)c([N+](=O)[O-])c1,50000.0,inactive
CHEMBL1303508,O=C1NC(=S)S/C1=C\c1c(-c2ccccc2)[nH]c2ccccc12,50000.0,inactive
CHEMBL601757,Cc1nc2c(=O)n(C)c(=O)nc-2n(C)n1,50000.0,inactive
CHEMBL1462375,Cc1[nH]c2ccccc2c1C(=O)CCl,50000.0,inactive
CHEMBL1362734,CCn1nc([N+](=O)[O-])c(C(C#N)c2nc3cc(C(F)(F)F)ccc3s2)c(Cl)c1=O,50000.0,inactive
CHEMBL1362595,CC(C)c1nc2sc3c(S)ncnc3c2c2c1CCC2,50000.0,inactive
CHEMBL1424118,Nc1nc(CCl)nc(Nc2ccc3ccccc3c2)n1,50000.0,inactive
CHEMBL1606112,O=C(Nc1ccc(F)cc1)C1C(c2ccccc2)C1(Cl)Cl,50000.0,inactive
CHEMBL1532953,CCCCn1c(NS(=O)(=O)c2ccc(C)cc2)c(S(=O)(=O)c2ccccc2)c2nc3ccccc3nc21,50000.0,inactive
CHEMBL1375922,Fc1ccccc1-c1nc(NCc2ccccc2)c2ccccc2n1,50000.0,inactive
CHEMBL2005296,COc1ccc(/C=N/Nc2nnc(-c3ccccc3)c(O)n2)cc1,50000.0,inactive
CHEMBL1425538,O=C(O[C@@H]1OC2COC(=O)c3cc(O)c(O)c(O)c3-c3c(cc(O)c(O)c3O)C(=O)O[C@H]([C@@H]2O)[C@H]1O)c1cc(O)c(O)c(O)c1,50000.0,inactive
CHEMBL1306199,N#Cc1c(NC(=O)c2ccccc2Cl)n(Cc2ccccc2)c2nc3ccccc3nc12,50000.0,inactive
CHEMBL1306258,Cc1cc(Nc2ccccc2)nc(-c2ccccc2O)n1,50000.0,inactive
CHEMBL1306425,[O-][n+]1onc2c1CCc1[nH]c(-c3ccccc3)nc1-2,50000.0,inactive
CHEMBL1560833,Cc1n[nH]c(S/C(=C\c2ccc(-c3ccc(C(=O)O)c(Cl)c3)o2)C(=O)O)n1,50000.0,inactive
CHEMBL1416392,CSC1=NSC2=NC(=O)/C(=C\c3c(C)[nH]c4ccccc34)C(=N)N12,50000.0,inactive
CHEMBL1504948,Cc1[nH]c2ccccc2c1/C=C1/C(=N)N2C(=NC1=O)SN=C2S(=O)(=O)CC(C)C,50000.0,inactive
CHEMBL1426692,N#Cc1c(N2CCCCC2)nc(N)c2c(N)nc(SCC(=O)O)cc12,50000.0,inactive
CHEMBL1307594,Oc1cc(CCl)nc2nc3ccccc3n12,50000.0,inactive
CHEMBL1404929,O=C(NNc1c2ccccc2nc2ccccc12)c1ccc(O)cc1O,50000.0,inactive
CHEMBL1544997,Cn1cc(C(=O)CCl)c2ccccc21,50000.0,inactive
CHEMBL1417692,Cc1ccc2[nH]cc(C(=O)CCl)c2c1,50000.0,inactive
CHEMBL51931,O=C1C(=O)c2ccccc2-c2ccccc21,50000.0,inactive
CHEMBL1484370,Cc1no[n+]([O-])c1COc1ccccc1/C=C1\NC(=S)NC1=O,50000.0,inactive
CHEMBL1613272,Cc1ccccc1C(=O)Nc1nc2c(C)csc2c(=O)s1,50000.0,inactive
CHEMBL1418273,COc1ccccc1C(=O)Oc1cc(N)n(S(=O)(=O)c2ccc(C)cc2)n1,50000.0,inactive
CHEMBL1484618,O=C(OCC(=O)c1c[nH]c2ccccc12)c1ccc([N+](=O)[O-])s1,50000.0,inactive
CHEMBL1524172,O=C(O)c1cccc(NN=C2c3ccccc3-c3ccccc32)c1,50000.0,inactive
CHEMBL1547025,Cl.c1ccc(CNc2nc(NCc3ccccc3)c3ccccc3n2)cc1,50000.0,inactive
CHEMBL63354,O=c1cc(-c2ccc(O)c(-c3c(O)cc(O)c4c(=O)cc(-c5ccc(O)cc5)oc34)c2)oc2cc(O)cc(O)c12,50000.0,inactive
CHEMBL1334062,Cn1nc(-c2ccc(Cl)cc2)nc2c(=O)n(C)c(=O)nc1-2,50000.0,inactive
CHEMBL1588106,N=C1/C(=C\c2coc3ccccc3c2=O)C(=O)N=C2SC(c3ccncc3)=NN12,9262.0,intermediate
CHEMBL1511080,Oc1ccc(Cl)cc1/C=C(\Cl)c1nc(O)c2ccc(Cl)cc2n1,50000.0,inactive
CHEMBL3199301,Cc1ccc(SC/C(O)=C(\C#N)c2nc3ccccc3s2)cc1,50000.0,inactive
CHEMBL1603938,Cc1ccc(C)c(SCC(=O)OC/C(O)=C(\C#N)c2nc3ccccc3[nH]2)c1,50000.0,inactive
CHEMBL2315790,c1ccc(OCc2nnc(SC3CCCC3)n2C2CCCCC2)cc1,30000.0,inactive
CHEMBL2315789,Clc1cc(Cl)cc(-n2c(COc3ccccc3)nnc2SC2CCCC2)c1,30000.0,inactive
CHEMBL2315788,[N-]=[N+]=Nc1cccc(-n2c(COc3ccccc3)nnc2SC2CCCC2)c1,2400.0,intermediate
CHEMBL2315787,Nc1cccc(-n2c(COc3ccccc3)nnc2SC2CCCC2)c1,1290.0,intermediate
CHEMBL2315786,FC(F)(F)c1cccc(-n2c(COc3ccccc3)nnc2SC2CCCC2)c1,30000.0,inactive
CHEMBL2315785,O=[N+]([O-])c1cccc(-n2c(COc3ccccc3)nnc2SC2CCCC2)c1,2810.0,intermediate
CHEMBL2315784,Cc1cccc(-n2c(COc3ccccc3)nnc2SC2CCCC2)c1,2780.0,intermediate
CHEMBL2315783,Brc1cccc(-n2c(COc3ccccc3)nnc2SC2CCCC2)c1,960.0,active
CHEMBL2315782,Clc1cccc(-n2c(COc3ccccc3)nnc2SC2CCCC2)c1,740.0,active
CHEMBL2315781,CC(C)Sc1nnc(COc2ccccc2)n1-c1cccnc1,2690.0,intermediate
CHEMBL2315780,CC(C)Sc1nnc(COc2ccccc2)n1Cc1ccccc1,30000.0,inactive
CHEMBL2315779,CC(C)Sc1nnc(COc2ccccc2)n1C,30000.0,inactive
CHEMBL2315778,COc1ccc(-n2c(COc3ccccc3)nnc2SC(C)C)cc1,30000.0,inactive
CHEMBL2315777,CC(C)Sc1nnc(COc2ccccc2)n1-c1ccc(Cl)cc1,30000.0,inactive
CHEMBL2315776,CC(C)Sc1nnc(COc2ccccc2)n1-c1ccc(F)cc1,19600.0,inactive
CHEMBL2315775,CC(C)Sc1nnc(COc2ccccc2)n1-c1cccc(C(F)(F)F)c1,30000.0,inactive
CHEMBL2315774,COc1cccc(-n2c(COc3ccccc3)nnc2SC(C)C)c1,16220.0,inactive
CHEMBL2315773,CC(C)Sc1nnc(COc2ccccc2)n1-c1cccc(Br)c1,2320.0,intermediate
CHEMBL2315772,CC(C)Sc1nnc(COc2ccccc2)n1-c1cccc(F)c1,2060.0,intermediate
CHEMBL2315771,CC(C)Sc1nnc(COc2ccccc2)n1-c1cccc(Cl)c1,1880.0,intermediate
CHEMBL2315770,COc1ccccc1-n1c(COc2ccccc2)nnc1SC(C)C,30000.0,inactive
CHEMBL2315769,CC(C)Sc1nnc(COc2ccccc2)n1-c1ccccc1F,19430.0,inactive
CHEMBL2315768,c1ccc(OCc2nnc(NC3CCCCC3)n2-c2ccccc2)cc1,3450.0,intermediate
CHEMBL2315767,c1ccc(OCc2nnc(NC3CCCC3)n2-c2ccccc2)cc1,2850.0,intermediate
CHEMBL2315766,CC(C)Nc1nnc(COc2ccccc2)n1-c1ccccc1,30000.0,inactive
CHEMBL2315765,c1ccc(OCc2nnc(CC3CCCCC3)n2-c2ccccc2)cc1,4300.0,intermediate
CHEMBL2315764,c1ccc(OCc2nnc(CC3CCCC3)n2-c2ccccc2)cc1,1970.0,intermediate
CHEMBL2315763,c1ccc(OCc2nnc(OC3CCCCC3)n2-c2ccccc2)cc1,1960.0,intermediate
CHEMBL2315471,c1ccc(OCc2nnc(OC3CCCC3)n2-c2ccccc2)cc1,2250.0,intermediate
CHEMBL2315470,CC(C)Oc1nnc(COc2ccccc2)n1-c1ccccc1,30000.0,inactive
CHEMBL2315469,c1ccc(OCc2nncn2-c2ccccc2)cc1,30000.0,inactive
CHEMBL1379971,Sc1nnc(COc2ccccc2)n1-c1ccccc1,30000.0,inactive
CHEMBL2315468,CC(C)S(=O)(=O)c1nnc(COc2ccccc2)n1-c1ccccc1,30000.0,inactive
CHEMBL2315467,c1ccc(CSc2nnc(COc3ccccc3)n2-c2ccccc2)cc1,30000.0,inactive
CHEMBL2315466,c1ccc(OCc2nnc(Sc3ccccc3)n2-c2ccccc2)cc1,3790.0,intermediate
CHEMBL2315465,c1ccc(OCc2nnc(SCC3CCCCC3)n2-c2ccccc2)cc1,30000.0,inactive
CHEMBL2315464,c1ccc(OCc2nnc(SCC3CCC3)n2-c2ccccc2)cc1,1150.0,intermediate
CHEMBL2315463,c1ccc(OCc2nnc(SC3CCCCC3)n2-c2ccccc2)cc1,960.0,active
CHEMBL2315462,c1ccc(OCc2nnc(SC3CCCC3)n2-c2ccccc2)cc1,720.0,active
CHEMBL2315461,c1ccc(OCc2nnc(SC3CCC3)n2-c2ccccc2)cc1,960.0,active
CHEMBL2315460,CC(C)CSc1nnc(COc2ccccc2)n1-c1ccccc1,1290.0,intermediate
CHEMBL2315459,CCSc1nnc(COc2ccccc2)n1-c1ccccc1,9920.0,intermediate
CHEMBL2315813,CSc1nnc(COc2ccccc2)n1-c1ccccc1,30000.0,inactive
CHEMBL2315812,CC(C)Sc1nnc(COc2ccccc2)n1-c1ccccc1,2690.0,intermediate
CHEMBL2315425,Cc1cc(OCc2nnc(SC3CCCC3)n2-c2cccnc2)ccc1-c1ccc(C=O)cc1,67.0,active
CHEMBL2315424,CC(=O)c1ccc(-c2ccc(OCc3nnc(SC4CCCC4)n3-c3cccnc3)cc2C)cc1,53.0,active
CHEMBL2311578,Cc1cc(OCc2nnc(SC3CCCC3)n2-c2cccnc2)ccc1-c1ccc(S(C)(=O)=O)cc1,24.0,active
CHEMBL2315423,CNC(=O)c1ccc(-c2ccc(OCc3nnc(SC4CCCC4)n3-c3cccnc3)cc2C)cc1,54.0,active
CHEMBL2315422,Cc1cc(OCc2nnc(SC3CCCC3)n2-c2cccnc2)ccc1-c1ccc(S(N)(=O)=O)cc1,25.0,active
CHEMBL2315421,CONC(=O)c1ccc(-c2ccc(OCc3nnc(SC4CCCC4)n3-c3cccnc3)cc2C)cc1,58.0,active
CHEMBL2315420,Cc1cc(OCc2nnc(SC3CCCC3)n2-c2cccnc2)ccc1-c1ccc(C#N)cc1,71.0,active
CHEMBL2315419,CS(=O)(=O)c1cccc(-c2ccc(OCc3nnc(SC4CCCC4)n3-c3cccnc3)cc2)c1,908.0,active
CHEMBL2315418,CC(=O)c1cccc(-c2ccc(OCc3nnc(SC4CCCC4)n3-c3cccnc3)cc2)c1,451.0,active
CHEMBL2315417,N#Cc1cccc(-c2ccc(OCc3nnc(SC4CCCC4)n3-c3cccnc3)cc2)c1,1394.0,intermediate
CHEMBL2315416,CC(=O)c1ccccc1-c1ccc(OCc2nnc(SC3CCCC3)n2-c2cccnc2)cc1,379.0,active
CHEMBL2315415,N#Cc1ccccc1-c1ccc(OCc2nnc(SC3CCCC3)n2-c2cccnc2)cc1,536.0,active
CHEMBL2315414,c1ccc(-c2ccc(OCc3nnc(SC4CCCC4)n3-c3cccnc3)cc2)cc1,2031.0,intermediate
CHEMBL2315413,FC(F)(F)c1ccc(-c2ccc(OCc3nnc(SC4CCCC4)n3-c3cccnc3)cc2)cc1,1236.0,intermediate
CHEMBL2315440,CSc1ccc(-c2ccc(OCc3nnc(SC4CCCC4)n3-c3cccnc3)cc2)cc1,976.0,active
CHEMBL2315439,Fc1ccc(-c2ccc(OCc3nnc(SC4CCCC4)n3-c3cccnc3)cc2)cc1,683.0,active
CHEMBL2315438,Brc1ccc(-c2ccc(OCc3nnc(SC4CCCC4)n3-c3cccnc3)cc2)cc1,523.0,active
CHEMBL2315437,Nc1ccc(-c2ccc(OCc3nnc(SC4CCCC4)n3-c3cccnc3)cc2)cc1,262.0,active
CHEMBL2315436,COc1ccc(-c2ccc(OCc3nnc(SC4CCCC4)n3-c3cccnc3)cc2)cc1,172.0,active
CHEMBL2315435,O=[N+]([O-])c1ccc(-c2ccc(OCc3nnc(SC4CCCC4)n3-c3cccnc3)cc2)cc1,162.0,active
CHEMBL2315434,O=Cc1ccc(-c2ccc(OCc3nnc(SC4CCCC4)n3-c3cccnc3)cc2)cc1,112.0,active
CHEMBL2315433,CC(=O)c1ccc(-c2ccc(OCc3nnc(SC4CCCC4)n3-c3cccnc3)cc2)cc1,65.0,active
CHEMBL2315432,CS(=O)(=O)c1ccc(-c2ccc(OCc3nnc(SC4CCCC4)n3-c3cccnc3)cc2)cc1,63.0,active
CHEMBL2315431,CNC(=O)c1ccc(-c2ccc(OCc3nnc(SC4CCCC4)n3-c3cccnc3)cc2)cc1,42.0,active
CHEMBL2315430,NC(=O)c1ccc(-c2ccc(OCc3nnc(SC4CCCC4)n3-c3cccnc3)cc2)cc1,41.0,active
CHEMBL2315429,NS(=O)(=O)c1ccc(-c2ccc(OCc3nnc(SC4CCCC4)n3-c3cccnc3)cc2)cc1,71.0,active
CHEMBL2315428,O=C(CO)c1ccc(-c2ccc(OCc3nnc(SC4CCCC4)n3-c3cccnc3)cc2)cc1,48.0,active
CHEMBL2315427,CONC(=O)c1ccc(-c2ccc(OCc3nnc(SC4CCCC4)n3-c3cccnc3)cc2)cc1,43.0,active
CHEMBL2315426,Cc1cc(OCc2nnc(SC3CCCC3)n2-c2cccnc2)ccc1F,443.0,active
CHEMBL2315458,Clc1cc(Cl)cc(OCc2nnc(SC3CCCC3)n2-c2cccnc2)c1,257.0,active
CHEMBL2315457,Fc1cc(Br)cc(OCc2nnc(SC3CCCC3)n2-c2cccnc2)c1,225.0,active
CHEMBL2315456,Cc1cc(OCc2nnc(SC3CCCC3)n2-c2cccnc2)ccc1Cl,184.0,active
CHEMBL2315455,Cc1ccc(OCc2nnc(SC3CCCC3)n2-c2cccnc2)cc1Cl,150.0,active
CHEMBL2315454,Cc1cc(OCc2nnc(SC3CCCC3)n2-c2cccnc2)cc(C)c1Cl,134.0,active
CHEMBL2315453,Cc1cc(OCc2nnc(SC3CCCC3)n2-c2cccnc2)ccc1Br,100.0,active
CHEMBL2315452,Clc1ccc(OCc2nnc(SC3CCCC3)n2-c2cccnc2)cc1Cl,90.0,active
CHEMBL2315451,N#Cc1ccc(-c2ccc(OCc3nnc(SC4CCCC4)n3-c3cccnc3)cc2)cc1,88.0,active
CHEMBL2315450,Fc1cc(OCc2nnc(SC3CCCC3)n2-c2cccnc2)ccc1Cl,71.0,active
CHEMBL2315449,COc1ccc(OCc2nnc(SC3CCCC3)n2-c2cccnc2)cc1,587.0,active
CHEMBL2315448,N#Cc1ccc(OCc2nnc(SC3CCCC3)n2-c2cccnc2)cc1,609.0,active
CHEMBL2315447,Cc1ccc(OCc2nnc(SC3CCCC3)n2-c2cccnc2)cc1,220.0,active
CHEMBL2315446,Fc1ccc(OCc2nnc(SC3CCCC3)n2-c2cccnc2)cc1,604.0,active
CHEMBL2315445,Brc1ccc(OCc2nnc(SC3CCCC3)n2-c2cccnc2)cc1,168.0,active
CHEMBL2315444,Clc1ccc(OCc2nnc(SC3CCCC3)n2-c2cccnc2)cc1,140.0,active
CHEMBL2315443,COc1cccc(OCc2nnc(SC3CCCC3)n2-c2cccnc2)c1,375.0,active
CHEMBL2315442,N#Cc1cccc(OCc2nnc(SC3CCCC3)n2-c2cccnc2)c1,3129.0,intermediate
CHEMBL2315441,Cc1cccc(OCc2nnc(SC3CCCC3)n2-c2cccnc2)c1,524.0,active
CHEMBL2315811,Fc1cccc(OCc2nnc(SC3CCCC3)n2-c2cccnc2)c1,379.0,active
CHEMBL2315810,Brc1cccc(OCc2nnc(SC3CCCC3)n2-c2cccnc2)c1,283.0,active
CHEMBL2315809,Clc1cccc(OCc2nnc(SC3CCCC3)n2-c2cccnc2)c1,279.0,active
CHEMBL2315808,Clc1ccccc1OCc1nnc(SC2CCCC2)n1-c1cccnc1,1277.0,intermediate
CHEMBL2315807,c1ccc(-n2c(SC3CCCC3)nnc2-c2ccco2)cc1,8720.0,intermediate
CHEMBL2315806,c1ccc(-n2c(SC3CCCC3)nnc2-c2cc3ccccc3o2)cc1,1940.0,intermediate
CHEMBL2315805,CC(C)Sc1nnc(COc2cccnc2)n1-c1ccccc1,5560.0,intermediate
CHEMBL2315804,CC(C)Sc1nnc(COC2CCCCC2)n1-c1ccccc1,30000.0,inactive
CHEMBL2315803,CC(C)Sc1nnc(CO)n1-c1ccccc1,30000.0,inactive
CHEMBL2315802,Brc1ccc(/C=C/c2nnc(SC3CCCC3)n2-c2ccccc2)cc1,2860.0,intermediate
CHEMBL2315801,O=C(Nc1ccc(Br)cc1)c1nnc(SC2CCCC2)n1-c1ccccc1,18640.0,inactive
CHEMBL2315800,Brc1ccc(OCc2nnc(SC3CCCC3)n2-c2ccccc2)cc1,440.0,active
CHEMBL2315799,CC(C)Sc1nnc(CNc2ccccc2)n1-c1ccccc1,11170.0,inactive
CHEMBL2315798,CC(C)Sc1nnc(CN(C)c2ccccc2)n1-c1ccccc1,30000.0,inactive
CHEMBL2315797,CC(C)Sc1nnc(Cc2ccccc2)n1-c1ccccc1,30000.0,inactive
CHEMBL2315796,CC(C)Sc1nnc(COCc2ccccc2)n1-c1ccccc1,26720.0,inactive
CHEMBL2315795,CC(C)Sc1nnc(CCc2ccccc2)n1-c1ccccc1,11780.0,inactive
CHEMBL2315794,CC(C)Sc1nnc(CSc2ccccc2)n1-c1ccccc1,7730.0,intermediate
CHEMBL2315793,c1ccc(OCc2nnc(SC3CCCC3)n2Cc2ccco2)cc1,30000.0,inactive
CHEMBL2315792,c1ccc(OCc2nnc(SC3CCCC3)n2-c2cccnc2)cc1,470.0,active
CHEMBL2315791,c1ccc(OCc2nnc(SC3CCCC3)n2-c2ccccn2)cc1,30000.0,inactive
CHEMBL3361229,NC(=O)[C@H]1CC[C@H](CNc2nc(NCc3ccccc3)cc(-c3ccoc3)n2)CC1,491.0,active
CHEMBL3361228,NC(=O)[C@H]1CC[C@H](CNc2nc(NCc3ccccc3)cc(-c3ccsc3)n2)CC1,452.0,active
CHEMBL3361227,NC(=O)[C@H]1CC[C@H](CNc2nc(NCc3ccccc3)cc(-c3cccnc3)n2)CC1,109.0,active
CHEMBL3361226,NC(=O)[C@H]1CC[C@H](CNc2nc(NCc3ccccc3)cc(-c3ccc4[nH]ccc4c3)n2)CC1,82.0,active
CHEMBL3361225,NC(=O)[C@H]1CC[C@H](CNc2nc(NCc3ccccc3)cc(-c3csc4ccccc34)n2)CC1,74.0,active
CHEMBL3361224,NC(=O)[C@H]1CC[C@H](CNc2nc(NCc3ccccc3)cc(-c3ccc4[nH]ncc4c3)n2)CC1,71.0,active
CHEMBL3361223,NC(=O)[C@H]1CC[C@H](CNc2nc(NCc3ccccc3)cc(-c3cc4ccccc4o3)n2)CC1,61.0,active
CHEMBL3361222,NC(=O)[C@H]1CC[C@H](CNc2nc(NCc3ccccc3)cc(-c3ccc(F)cc3)n2)CC1,299.0,active
CHEMBL3361221,CCOc1ccc(-c2cc(NCc3ccccc3)nc(NC[C@H]3CC[C@H](C(N)=O)CC3)n2)cc1,246.0,active
CHEMBL3361220,NC(=O)[C@H]1CC[C@H](CNc2nc(NCc3ccccc3)cc(-c3ccc(C(F)(F)F)cc3)n2)CC1,222.0,active
CHEMBL3361219,NC(=O)[C@H]1CC[C@H](CNc2nc(NCc3ccccc3)cc(-c3ccc(Cl)cc3)n2)CC1,106.0,active
CHEMBL3361218,CC(=O)c1ccc(-c2cc(NCc3ccccc3)nc(NC[C@H]3CC[C@H](C(N)=O)CC3)n2)cc1,102.0,active
CHEMBL3361217,NC(=O)[C@H]1CC[C@H](CNc2nc(NCc3ccccc3)cc(-c3ccc(CO)cc3)n2)CC1,89.0,active
CHEMBL3361216,CC(=O)Nc1ccc(-c2cc(NCc3ccccc3)nc(NC[C@H]3CC[C@H](C(N)=O)CC3)n2)cc1,59.0,active
CHEMBL3361215,NC(=O)[C@H]1CC[C@H](CNc2nc(NCc3ccccc3)cc(-c3cccc(C(F)(F)F)c3)n2)CC1,237.0,active
CHEMBL3361214,Cc1cccc(-c2cc(NCc3ccccc3)nc(NC[C@H]3CC[C@H](C(N)=O)CC3)n2)c1,183.0,active
CHEMBL3352905,COc1cccc(-c2cc(NCc3ccccc3)nc(NC[C@H]3CC[C@H](C(N)=O)CC3)n2)c1,149.0,active
CHEMBL3361213,NC(=O)[C@H]1CC[C@H](CNc2nc(NCc3ccccc3)cc(-c3cccc(CO)c3)n2)CC1,135.0,active
CHEMBL3361212,NC(=O)[C@H]1CC[C@H](CNc2nc(NCc3ccccc3)cc(-c3cccc(O)c3)n2)CC1,106.0,active
CHEMBL3361211,CC(=O)c1cccc(-c2cc(NCc3ccccc3)nc(NC[C@H]3CC[C@H](C(N)=O)CC3)n2)c1,87.0,active
CHEMBL3361210,NC(=O)[C@H]1CC[C@H](CNc2nc(NCc3ccccc3)cc(-c3ccccc3F)n2)CC1,46.0,active
CHEMBL3361209,CS(=O)(=O)c1ccc(CNc2cc(-c3ccccc3)nc(NC[C@H]3CC[C@H](C(N)=O)CC3)n2)cc1,10000.0,intermediate
CHEMBL3361208,NC(=O)[C@H]1CC[C@H](CNc2nc(NCc3ccc(S(N)(=O)=O)cc3)cc(-c3ccccc3)n2)CC1,5165.0,intermediate
CHEMBL3361207,COc1ccc(CNc2cc(-c3ccccc3)nc(NC[C@H]3CC[C@H](C(N)=O)CC3)n2)cc1,5036.0,intermediate
CHEMBL3361206,NC(=O)[C@H]1CC[C@H](CNc2nc(NCc3ccc(Cl)cc3)cc(-c3ccccc3)n2)CC1,3473.0,intermediate
CHEMBL3361205,NC(=O)[C@H]1CC[C@H](CNc2nc(NCc3ccc(F)cc3)cc(-c3ccccc3)n2)CC1,2433.0,intermediate
CHEMBL3361204,Cc1ccc(CNc2cc(-c3ccccc3)nc(NC[C@H]3CC[C@H](C(N)=O)CC3)n2)cc1,2181.0,intermediate
CHEMBL3361203,NC(=O)[C@H]1CC[C@H](CNc2nc(NCc3cccc(S(N)(=O)=O)c3)cc(-c3ccccc3)n2)CC1,7610.0,intermediate
CHEMBL3361202,NC(=O)[C@H]1CC[C@H](CNc2nc(NCc3cccc([N+](=O)[O-])c3)cc(-c3ccccc3)n2)CC1,4608.0,intermediate
CHEMBL3361201,COc1cccc(CNc2cc(-c3ccccc3)nc(NC[C@H]3CC[C@H](C(N)=O)CC3)n2)c1,5645.0,intermediate
CHEMBL3361200,NC(=O)[C@H]1CC[C@H](CNc2nc(NCc3cccc(Cl)c3)cc(-c3ccccc3)n2)CC1,2762.0,intermediate
CHEMBL3361199,NC(=O)[C@H]1CC[C@H](CNc2nc(NCc3cccc(F)c3)cc(-c3ccccc3)n2)CC1,474.0,active
CHEMBL3361198,Cc1cccc(CNc2cc(-c3ccccc3)nc(NC[C@H]3CC[C@H](C(N)=O)CC3)n2)c1,1679.0,intermediate
CHEMBL3361197,COc1ccccc1CNc1cc(-c2ccccc2)nc(NC[C@H]2CC[C@H](C(N)=O)CC2)n1,8860.0,intermediate
CHEMBL3361196,NC(=O)[C@H]1CC[C@H](CNc2nc(NCc3ccccc3Br)cc(-c3ccccc3)n2)CC1,7108.0,intermediate
CHEMBL3361195,NC(=O)[C@H]1CC[C@H](CNc2nc(NCc3ccccc3Cl)cc(-c3ccccc3)n2)CC1,6939.0,intermediate
CHEMBL3361194,NC(=O)[C@H]1CC[C@H](CNc2nc(NCc3ccccc3F)cc(-c3ccccc3)n2)CC1,1691.0,intermediate
CHEMBL3361193,Cc1ccccc1CNc1cc(-c2ccccc2)nc(NC[C@H]2CC[C@H](C(N)=O)CC2)n1,9288.0,intermediate
CHEMBL3361192,NNC(=O)[C@H]1CC[C@H](CNc2nc(NCc3ccccc3)cc(-c3ccccc3)n2)CC1,986.0,active
CHEMBL3361191,O=C(NS(=O)(=O)C(F)(F)F)[C@H]1CC[C@H](CNc2nc(NCc3ccccc3)cc(-c3ccccc3)n2)CC1,264.0,active
CHEMBL3361190,CS(=O)(=O)NC(=O)[C@H]1CC[C@H](CNc2nc(NCc3ccccc3)cc(-c3ccccc3)n2)CC1,133.0,active
CHEMBL3361189,CNC(=O)[C@H]1CC[C@H](CNc2nc(NCc3ccccc3)cc(-c3ccccc3)n2)CC1,448.0,active
CHEMBL3361188,NC(=O)[C@H]1CC[C@H](CNc2nc(NCc3ccccc3)cc(-c3ccccc3)n2)CC1,127.0,active
CHEMBL3361187,O=C(O)[C@H]1CC[C@H](CNc2nc(-c3ccccc3)cc(N3CCOCC3)n2)CC1,10000.0,intermediate
CHEMBL3361186,O=C(O)[C@H]1CC[C@H](CNc2nc(NC3CCCCC3)cc(-c3ccccc3)n2)CC1,4313.0,intermediate
CHEMBL3361185,O=C(O)[C@H]1CC[C@H](CNc2nc(Nc3ccccc3)cc(-c3ccccc3)n2)CC1,36.0,active
CHEMBL3361184,O=C(O)[C@H]1CC[C@H](CNc2nc(NCc3ccccc3)cc(-c3ccccc3)n2)CC1,27.0,active
CHEMBL3361183,O=C(O)[C@H]1CC[C@H](CNc2nc(-c3ccccc3)cc(-c3ccoc3)n2)CC1,2188.0,intermediate
CHEMBL3361182,O=C(O)[C@H]1CC[C@H](CNc2nc(-c3ccccc3)cc(-c3ccncc3)n2)CC1,1667.0,intermediate
CHEMBL3361181,O=C(O)[C@H]1CC[C@H](CNc2nc(-c3ccccc3)cc(-c3cccnc3)n2)CC1,1201.0,intermediate
CHEMBL3361180,O=C(O)[C@H]1CC[C@H](CNc2nc(-c3ccccc3)cc(-c3ccco3)n2)CC1,570.0,active
CHEMBL3361179,O=C(O)[C@H]1CC[C@H](CNc2nc(-c3ccccc3)cc(-c3ccc4[nH]ccc4c3)n2)CC1,150.0,active
CHEMBL3361178,Nc1ccc(-c2cc(-c3ccccc3)nc(NC[C@H]3CC[C@H](C(=O)O)CC3)n2)cc1[N+](=O)[O-],60.0,active
CHEMBL3361177,Nc1ccc(-c2cc(-c3ccccc3)nc(NC[C@H]3CC[C@H](C(=O)O)CC3)n2)cc1,112.0,active
CHEMBL3361176,O=C(O)[C@H]1CC[C@H](CNc2nc(-c3ccccc3)cc(-c3ccc([N+](=O)[O-])cc3)n2)CC1,2189.0,intermediate
CHEMBL3361175,CS(=O)(=O)c1ccc(-c2cc(-c3ccccc3)nc(NC[C@H]3CC[C@H](C(=O)O)CC3)n2)cc1,1091.0,intermediate
CHEMBL3361174,COc1ccc(-c2cc(-c3ccccc3)nc(NC[C@H]3CC[C@H](C(=O)O)CC3)n2)cc1,921.0,active
CHEMBL3361173,O=C(O)[C@H]1CC[C@H](CNc2nc(-c3ccccc3)cc(-c3ccc(Cl)cc3)n2)CC1,221.0,active
CHEMBL3361172,O=C(O)[C@H]1CC[C@H](CNc2nc(-c3ccccc3)cc(-c3ccc(F)cc3)n2)CC1,742.0,active
CHEMBL3361171,Cc1ccc(-c2cc(-c3ccccc3)nc(NC[C@H]3CC[C@H](C(=O)O)CC3)n2)cc1,577.0,active
CHEMBL3360672,[N-]=[N+]=Nc1cccc(-c2cc(-c3ccccc3)nc(NC[C@H]3CC[C@H](C(=O)O)CC3)n2)c1,879.0,active
CHEMBL3360671,O=C(O)[C@H]1CC[C@H](CNc2nc(-c3ccccc3)cc(-c3cccc([N+](=O)[O-])c3)n2)CC1,201.0,active
CHEMBL3360670,CS(=O)(=O)c1cccc(-c2cc(-c3ccccc3)nc(NC[C@H]3CC[C@H](C(=O)O)CC3)n2)c1,116.0,active
CHEMBL3360669,COc1cccc(-c2cc(-c3ccccc3)nc(NC[C@H]3CC[C@H](C(=O)O)CC3)n2)c1,543.0,active
CHEMBL3360668,O=C(O)[C@H]1CC[C@H](CNc2nc(-c3ccccc3)cc(-c3cccc(Cl)c3)n2)CC1,483.0,active
CHEMBL3360667,O=C(O)[C@H]1CC[C@H](CNc2nc(-c3ccccc3)cc(-c3cccc(F)c3)n2)CC1,552.0,active
CHEMBL3360666,Cc1cccc(-c2cc(-c3ccccc3)nc(NC[C@H]3CC[C@H](C(=O)O)CC3)n2)c1,578.0,active
CHEMBL3360665,COc1ccccc1-c1cc(-c2ccccc2)nc(NC[C@H]2CC[C@H](C(=O)O)CC2)n1,3041.0,intermediate
CHEMBL3360664,O=C(O)[C@H]1CC[C@H](CNc2nc(-c3ccccc3)cc(-c3ccccc3Cl)n2)CC1,700.0,active
CHEMBL3360663,O=C(O)[C@H]1CC[C@H](CNc2nc(-c3ccccc3)cc(-c3ccccc3F)n2)CC1,141.0,active
CHEMBL3360662,Cc1ccccc1-c1cc(-c2ccccc2)nc(NC[C@H]2CC[C@H](C(=O)O)CC2)n1,673.0,active
CHEMBL3360661,O=C(O)[C@H]1CC[C@H](CNc2nc(-c3ccccc3)cc(-c3ccccc3)n2)CC1,300.0,active
CHEMBL3360660,COc1ccc(-c2cc(C)nc(NC[C@H]3CC[C@H](C(=O)O)CC3)n2)cc1,37000.0,inactive
CHEMBL3360659,Cc1cc(-c2ccc(F)cc2)nc(NC[C@H]2CC[C@H](C(=O)O)CC2)n1,8400.0,intermediate
CHEMBL3360658,Cc1cc(-c2ccc(Cl)cc2)nc(NC[C@H]2CC[C@H](C(=O)O)CC2)n1,2600.0,intermediate
CHEMBL3360657,Cc1ccc(-c2cc(C)nc(NC[C@H]3CC[C@H](C(=O)O)CC3)n2)cc1,2700.0,intermediate
CHEMBL3360656,COc1cccc(-c2cc(C)nc(NC[C@H]3CC[C@H](C(=O)O)CC3)n2)c1,37000.0,inactive
CHEMBL3360655,Cc1cc(-c2cccc(Cl)c2)nc(NC[C@H]2CC[C@H](C(=O)O)CC2)n1,4800.0,intermediate
CHEMBL3360654,Cc1cccc(-c2cc(C)nc(NC[C@H]3CC[C@H](C(=O)O)CC3)n2)c1,11400.0,inactive
CHEMBL3360653,COc1ccccc1-c1cc(C)nc(NC[C@H]2CC[C@H](C(=O)O)CC2)n1,37000.0,inactive
CHEMBL3360652,Cc1cc(-c2ccccc2C)nc(NC[C@H]2CC[C@H](C(=O)O)CC2)n1,37000.0,inactive
CHEMBL3360651,O=C(O)[C@H]1CC[C@H](CNc2nccc(-c3ccccc3)n2)CC1,8700.0,intermediate
CHEMBL3360650,Cc1cc(-c2ccccc2)nc(NC[C@H]2CC[C@H](C(=O)O)CC2)n1,2600.0,intermediate
CHEMBL3360649,Cc1cc(-c2ccccc2)nc(NCc2cccc(C(=O)O)c2)n1,37000.0,inactive
CHEMBL3360648,Cc1cc(-c2ccccc2)nc(NCc2ccc(C(=O)O)cc2)n1,15400.0,inactive
CHEMBL3360647,Cc1cc(-c2ccccc2)nc(S(=O)(=O)Cc2ccc(C(=O)O)cc2)n1,37000.0,inactive
CHEMBL3360646,Cc1cc(-c2ccccc2)nc(SCCC(=O)O)n1,37000.0,inactive
CHEMBL3360645,Cc1cc(-c2ccccc2)nc(Sc2ccc(C(=O)O)cc2)n1,37000.0,inactive
CHEMBL3360644,Cc1cc(-c2ccccc2)nc(SCCc2ccc(C(=O)O)cc2)n1,20500.0,inactive
CHEMBL3360643,Cc1cc(-c2ccccc2)nc(SCc2ccccc2)n1,37000.0,inactive
CHEMBL3360642,Cc1cc(-c2ccccc2)nc(SCc2ccc(C(=O)NS(=O)(=O)C(F)(F)F)cc2)n1,21600.0,inactive
CHEMBL1404283,Cc1cc(-c2ccccc2)nc(SCc2ccc(C(=O)O)cc2)n1,4800.0,intermediate
CHEMBL3747464,COc1cccc2c(NCc3ccccc3)nc(-n3c(N)nc(C)c3C)nc12,5000.0,intermediate
CHEMBL3746907,COc1cccc2c(NCc3ccccc3)nc(-n3c(N)nc4c3CCCC4)nc12,5000.0,intermediate
CHEMBL3696887,COc1cccc2c(NCc3ccccc3)nc(-n3c(=O)[nH]c4ccccc43)nc12,1068.0,intermediate
CHEMBL3696879,COc1cccc2c(NCc3ccccc3)nc(-n3c(N(C)C)nc4ccccc43)nc12,227.0,active
CHEMBL3696878,CNc1nc2ccccc2n1-c1nc(NCc2ccccc2)c2cccc(OC)c2n1,233.0,active
CHEMBL3696880,COc1cccc2c(NCc3ccccc3)nc(-n3c(NC(C)=O)nc4ccccc43)nc12,5000.0,intermediate
CHEMBL3746701,COc1cccc2c(Cc3ccccc3)nc(-n3c(N)nc4ccccc43)nc12,5000.0,intermediate
CHEMBL3745800,COc1cccc2c(CCc3ccccc3)nc(-n3c(N)nc4ccccc43)nc12,5000.0,intermediate
CHEMBL3747425,COc1cccc2c(OCc3ccccc3)nc(-n3c(N)nc4ccccc43)nc12,5000.0,intermediate
CHEMBL3747449,COc1cccc2c(NC(=O)c3ccccc3)nc(-n3c(N)nc4ccccc43)nc12,5000.0,intermediate
CHEMBL3746850,COc1cccc2c(NCCc3ccccc3)nc(-n3c(N)nc4ccccc43)nc12,5000.0,intermediate
CHEMBL3746410,COc1cccc2c(N(C)Cc3ccccc3)nc(-n3c(N)nc4ccccc43)nc12,5000.0,intermediate
CHEMBL3745860,COc1cccc2c(NC(C)c3ccccc3)nc(-n3c(N)nc4ccccc43)nc12,5000.0,intermediate
CHEMBL3746912,COc1cccc2c(NCc3ccccc3)nc(-n3c(N)nc4ccccc43)nc12,815.0,active
CHEMBL3696862,COc1cccc2c(NCc3ccccc3)nc(-n3cnc4ccccc43)nc12,5000.0,intermediate
CHEMBL3696861,COc1cccc2c(NCc3ccccc3)nc(-n3c(C)nc4ccccc43)nc12,152.0,active
CHEMBL3696923,CCc1nc2ccccc2n1-c1nc(NCc2ccccc2)c2cccc(OC)c2n1,5000.0,intermediate
CHEMBL3696863,COc1cccc2c(NCc3ccccc3)nc(-n3c(OC)nc4ccccc43)nc12,145.0,active
CHEMBL3745761,COc1cccc2c(NCc3ccccc3)nc(Nc3nc4ccccc4[nH]3)nc12,5000.0,intermediate
CHEMBL3746009,COc1cccc2c(NCc3ccccc3)nc(Cn3c(C)nc4ccccc43)nc12,5000.0,intermediate
CHEMBL3696867,COCCOc1cccc2c(NCc3ccccc3)nc(-n3c(N)nc4ccccc43)nc12,907.0,active
CHEMBL3746988,COCCOc1cccc2c(NCc3ccccc3)nc(-n3c(C)nc4ccccc43)nc12,304.0,active
CHEMBL3696920,COCCOc1cccc2c(NCc3ccccc3)nc(-n3c(OC)nc4ccccc43)nc12,370.0,active
CHEMBL3747511,Nc1nc2ccccc2n1-c1nc(NCc2ccccc2)c2ccsc2n1,3000.0,intermediate
CHEMBL3696873,COc1nc2ccccc2n1-c1nc(NCc2ccccc2)c2ncsc2n1,180.0,active
CHEMBL3746037,Nc1nc2ccccc2n1-c1nc2c(c(NCc3ccccc3)n1)CCCC2,425.0,active
CHEMBL3747498,Cc1nc2ccccc2n1-c1nc2c(c(NCc3ccccc3)n1)CCCC2,98.0,active
CHEMBL3746353,COc1nc2ccccc2n1-c1nc2c(c(NCc3ccccc3)n1)CCCC2,76.0,active
CHEMBL3747272,Nc1nc2ccccc2n1-c1nc2c(c(NCc3ccccc3)n1)CNCC2,5000.0,intermediate
CHEMBL3747081,Cc1nc2ccccc2n1-c1nc2c(c(NCc3ccccc3)n1)CNCC2,5000.0,intermediate
CHEMBL3696895,COc1nc2ccccc2n1-c1nc2c(c(NCc3ccccc3)n1)CNCC2,3134.0,intermediate
CHEMBL3696915,Cc1cc2ccccc2n1-c1nc2c(c(NCc3ccccc3)n1)CCCC2,47.0,active
CHEMBL3696924,COc1cc2ccccc2n1-c1nc2c(c(NCc3ccccc3)n1)CCCC2,43.0,active
CHEMBL3696916,CCc1cc2ccccc2n1-c1nc2c(c(NCc3ccccc3)n1)CCCC2,445.0,active
CHEMBL3747138,FC(F)(F)c1cc2ccccc2n1-c1nc2c(c(NCc3ccccc3)n1)CCCC2,651.0,active
CHEMBL3696925,OCc1cc2ccccc2n1-c1nc2c(c(NCc3ccccc3)n1)CCCC2,68.0,active
CHEMBL3696926,COCc1cc2ccccc2n1-c1nc2c(c(NCc3ccccc3)n1)CCCC2,795.0,active
CHEMBL3696917,NCc1cc2ccccc2n1-c1nc2c(c(NCc3ccccc3)n1)CCCC2,153.0,active
CHEMBL3747075,Cc1[nH]c2ccccc2c1-c1nc2c(c(NCc3ccccc3)n1)CCCC2,149.0,active
CHEMBL3746833,Cc1nn2ccccc2c1-c1nc2c(c(NCc3ccccc3)n1)CCCC2,367.0,active
CHEMBL3746787,Cc1nc2ccccn2c1-c1nc2c(c(NCc3ccccc3)n1)CCCC2,248.0,active
CHEMBL3696896,Cc1cc2ccccc2n1-c1nc2c(c(NCc3ccccc3)n1)CNCC2,192.0,active
CHEMBL3747091,Cc1ccc2c(c1)cc(C)n2-c1nc2c(c(NCc3ccccc3)n1)CNCC2,5000.0,intermediate
CHEMBL3746469,COc1ccc2c(c1)cc(C)n2-c1nc2c(c(NCc3ccccc3)n1)CNCC2,5000.0,intermediate
CHEMBL3746827,Cc1cc2cc(C#N)ccc2n1-c1nc2c(c(NCc3ccccc3)n1)CNCC2,5000.0,intermediate
CHEMBL3747097,Cc1ccc2cc(C)n(-c3nc4c(c(NCc5ccccc5)n3)CNCC4)c2c1,3860.0,intermediate
CHEMBL3745859,COc1ccc2cc(C)n(-c3nc4c(c(NCc5ccccc5)n3)CNCC4)c2c1,5000.0,intermediate
CHEMBL3747552,Cc1cc2ccc(C#N)cc2n1-c1nc2c(c(NCc3ccccc3)n1)CNCC2,8908.0,intermediate
CHEMBL3747371,Cc1cccc2c1cc(C)n2-c1nc2c(c(NCc3ccccc3)n1)CNCC2,648.0,active
CHEMBL3747194,COc1cccc2c1cc(C)n2-c1nc2c(c(NCc3ccccc3)n1)CNCC2,2075.0,intermediate
CHEMBL3746000,Cc1cc2c(C#N)cccc2n1-c1nc2c(c(NCc3ccccc3)n1)CNCC2,144.0,active
CHEMBL3745805,Cc1cc2c(F)cccc2n1-c1nc2c(c(NCc3ccccc3)n1)CNCC2,342.0,active
CHEMBL3747140,Cc1cc2c(Cl)cccc2n1-c1nc2c(c(NCc3ccccc3)n1)CNCC2,632.0,active
CHEMBL3747600,Cc1cc2c(C(F)(F)F)cccc2n1-c1nc2c(c(NCc3ccccc3)n1)CNCC2,3912.0,intermediate
CHEMBL3746650,Cc1cc2c(C(=O)O)cccc2n1-c1nc2c(c(NCc3ccccc3)n1)CNCC2,95.0,active
CHEMBL3746179,Cc1cc2c(-c3nnn[nH]3)cccc2n1-c1nc2c(c(NCc3ccccc3)n1)CNCC2,15.0,active
CHEMBL3747647,Cc1cc2c(C(N)=O)cccc2n1-c1nc2c(c(NCc3ccccc3)n1)CNCC2,40.0,active
CHEMBL3747639,CNC(=O)c1cccc2c1cc(C)n2-c1nc2c(c(NCc3ccccc3)n1)CNCC2,215.0,active
CHEMBL3746879,Cc1cc2c(C(=O)N(C)C)cccc2n1-c1nc2c(c(NCc3ccccc3)n1)CNCC2,5000.0,intermediate
CHEMBL3746629,Cc1cc2c(C(=O)NC(C)C)cccc2n1-c1nc2c(c(NCc3ccccc3)n1)CNCC2,4832.0,intermediate
CHEMBL3747448,Cc1cc2c(C(N)=O)cccc2n1-c1nc2c(c(NCc3ccccc3)n1)CCCC2,6.0,active
CHEMBL3745888,Cc1cc2c(C(N)=O)cccc2n1-c1nc2c(c(NCc3ccccc3)n1)CCNC2,71.0,active
CHEMBL3747513,Cc1cc2c(C(N)=O)cccc2n1-c1nc2c(c(NCc3ccccc3)n1)COCC2,11.0,active
CHEMBL3747049,Cc1cc2c(C(N)=O)cccc2n1-c1nc2c(c(NCc3ccccc3)n1)CCOC2,23.0,active
CHEMBL3746912,COc1cccc2c(NCc3ccccc3)nc(-n3c(N)nc4ccccc43)nc12,6140.0,intermediate
CHEMBL3746353,COc1nc2ccccc2n1-c1nc2c(c(NCc3ccccc3)n1)CCCC2,4240.0,intermediate
CHEMBL3696896,Cc1cc2ccccc2n1-c1nc2c(c(NCc3ccccc3)n1)CNCC2,15320.0,inactive
CHEMBL3747647,Cc1cc2c(C(N)=O)cccc2n1-c1nc2c(c(NCc3ccccc3)n1)CNCC2,1790.0,intermediate
CHEMBL3747448,Cc1cc2c(C(N)=O)cccc2n1-c1nc2c(c(NCc3ccccc3)n1)CCCC2,500.0,active
CHEMBL3747513,Cc1cc2c(C(N)=O)cccc2n1-c1nc2c(c(NCc3ccccc3)n1)COCC2,680.0,active
CHEMBL3746912,COc1cccc2c(NCc3ccccc3)nc(-n3c(N)nc4ccccc43)nc12,6610.0,intermediate
CHEMBL3746353,COc1nc2ccccc2n1-c1nc2c(c(NCc3ccccc3)n1)CCCC2,9340.0,intermediate
CHEMBL3696896,Cc1cc2ccccc2n1-c1nc2c(c(NCc3ccccc3)n1)CNCC2,9150.0,intermediate
CHEMBL3747647,Cc1cc2c(C(N)=O)cccc2n1-c1nc2c(c(NCc3ccccc3)n1)CNCC2,2860.0,intermediate
CHEMBL3747448,Cc1cc2c(C(N)=O)cccc2n1-c1nc2c(c(NCc3ccccc3)n1)CCCC2,580.0,active
CHEMBL3747513,Cc1cc2c(C(N)=O)cccc2n1-c1nc2c(c(NCc3ccccc3)n1)COCC2,1030.0,intermediate
CHEMBL3746353,COc1nc2ccccc2n1-c1nc2c(c(NCc3ccccc3)n1)CCCC2,4840.0,intermediate
CHEMBL3747647,Cc1cc2c(C(N)=O)cccc2n1-c1nc2c(c(NCc3ccccc3)n1)CNCC2,2000.0,active
CHEMBL3747448,Cc1cc2c(C(N)=O)cccc2n1-c1nc2c(c(NCc3ccccc3)n1)CCCC2,250.0,active
CHEMBL3747513,Cc1cc2c(C(N)=O)cccc2n1-c1nc2c(c(NCc3ccccc3)n1)COCC2,490.0,intermediate
CHEMBL3220939,O=C(CCl)Nc1cccc(NC2=NS(=O)(=O)c3ccccc32)c1,370.0,inactive
CHEMBL3786710,CC(C)N1CCN(CCNC2CCN(c3cccc(-c4cc5cc(C(F)(F)F)ccc5[nH]4)c3)CC2)CC1,4700.0,active
CHEMBL3787683,CC(C)N1CCN(CCNC2CCN(c3cccc(-c4cc5cc(S(F)(F)(F)(F)F)ccc5[nH]4)c3)CC2)CC1,21500.0,active
CHEMBL3787674,CC(C)N1CCN(CCNC2CCN(c3cccc(-c4cc5cc([N+](=O)[O-])ccc5[nH]4)c3)CC2)CC1,50.0,active
CHEMBL3785307,Cc1ccc2[nH]c(-c3cccc(N4CCC(NCCN5CCN(C(C)C)CC5)CC4)c3)cc2c1,240.0,intermediate
CHEMBL3786444,COc1ccc2[nH]c(-c3cccc(N4CCC(NCCN5CCN(C(C)C)CC5)CC4)c3)cc2c1,710.0,inactive
CHEMBL3786894,CC(C)N1CCN(CCNC2CCN(c3cccc(-c4cc5cc(OC(F)(F)F)ccc5[nH]4)c3)CC2)CC1,3800.0,inactive
CHEMBL3800252,C=C1OC(=O)C2(C1=O)[C@H](/C=C/C=C/CCC)C=C[C@@H](O)[C@@H]2O,31200.0,inactive
CHEMBL3800252,C=C1OC(=O)C2(C1=O)[C@H](/C=C/C=C/CCC)C=C[C@@H](O)[C@@H]2O,180000.0,inactive
CHEMBL3800252,C=C1OC(=O)C2(C1=O)[C@H](/C=C/C=C/CCC)C=C[C@@H](O)[C@@H]2O,26300.0,inactive
CHEMBL3696854,COc1cccc2c(NCc3ccccc3)nc(-n3c(C)nc(C)c3C)nc12,25000.0,intermediate
CHEMBL3696855,CCC1=NC(C)=C(C)C1c1nc(NCc2ccccc2)c2cccc(OC)c2n1,25000.0,inactive
CHEMBL3696856,COc1cccc2c(NCc3ccccc3)nc(Cc3ccccc3)nc12,2000.0,intermediate
CHEMBL3696857,COc1cccc2c(NCc3ccccc3)nc(CCc3ccccc3)nc12,25000.0,intermediate
CHEMBL3696858,COc1cccc2c(NCc3ccccc3)nc(CCC(C)C)nc12,10000.0,intermediate
CHEMBL3696859,COc1cccc2c(NCc3ccccc3)nc(N3CCOc4ccccc43)nc12,5000.0,intermediate
CHEMBL3696860,COc1cccc2c(NCc3ccccc3)nc(-n3c(N)nc4cccc(F)c43)nc12,10000.0,intermediate
CHEMBL3696861,COc1cccc2c(NCc3ccccc3)nc(-n3c(C)nc4ccccc43)nc12,2000.0,intermediate
CHEMBL3696862,COc1cccc2c(NCc3ccccc3)nc(-n3cnc4ccccc43)nc12,2000.0,intermediate
CHEMBL3696863,COc1cccc2c(NCc3ccccc3)nc(-n3c(OC)nc4ccccc43)nc12,2000.0,inactive
CHEMBL3696864,COc1cccc2c(NCc3ccccc3)nc(Nc3ccccn3)nc12,10000.0,intermediate
CHEMBL3696865,COc1cccc2c(NCc3nccs3)nc(-n3c(N)nc4ccccc43)nc12,25000.0,intermediate
CHEMBL3696866,NCCOc1cccc2c(NCc3ccccc3)nc(-n3c(N)nc4ccccc43)nc12,2000.0,intermediate
CHEMBL3696867,COCCOc1cccc2c(NCc3ccccc3)nc(-n3c(N)nc4ccccc43)nc12,2000.0,intermediate
CHEMBL3696868,NC(=O)COc1cccc2c(NCc3ccccc3)nc(-n3c(N)nc4ccccc43)nc12,2000.0,intermediate
CHEMBL3696869,COCc1cccc2c(NCc3ccccc3)nc(-n3c(N)nc4ccccc43)nc12,2000.0,inactive
CHEMBL3696870,Cc1cc2ccccc2n1-c1nc(NCc2ccccc2)c2cccc(CN)c2n1,2000.0,intermediate
CHEMBL3696871,CN(C)Cc1cccc2c(NCc3ccccc3)nc(-n3c(N)nc4ccccc43)nc12,25000.0,intermediate
CHEMBL3696872,Nc1nc2ccccc2n1C1S/C(=N\Cc2ccccc2)c2ccsc2S1,5000.0,intermediate
CHEMBL3696873,COc1nc2ccccc2n1-c1nc(NCc2ccccc2)c2ncsc2n1,2000.0,intermediate
CHEMBL3696874,Nc1nc2ccccc2n1-c1nc(NCc2ccccc2)c2nc[nH]c2n1,5000.0,intermediate
CHEMBL3696875,Nc1nc2ccccc2n1-c1nc2c(c(NCc3ccccc3)n1)CCC2,2000.0,intermediate
CHEMBL3696876,COCc1nc(-n2c(N)nc3ccccc32)nc(NCc2ccccc2)c1C,5000.0,intermediate
CHEMBL3696877,COc1cccc2c(NCc3ccccc3)nc(Nc3ncc[nH]3)nc12,10000.0,intermediate
CHEMBL3696878,CNc1nc2ccccc2n1-c1nc(NCc2ccccc2)c2cccc(OC)c2n1,2000.0,intermediate
CHEMBL3696879,COc1cccc2c(NCc3ccccc3)nc(-n3c(N(C)C)nc4ccccc43)nc12,2000.0,intermediate
CHEMBL3696880,COc1cccc2c(NCc3ccccc3)nc(-n3c(NC(C)=O)nc4ccccc43)nc12,5000.0,intermediate
CHEMBL3696881,COc1cccc2c(NCc3ccccc3)nc(-c3c(N)[nH]c4ccccc34)nc12,2000.0,intermediate
CHEMBL3696882,COc1cccc2c(NCc3ccccc3)nc(N3c4ccccc4CC3C)nc12,5000.0,intermediate
CHEMBL3696883,COc1cccc2c(NCc3ccccc3)nc(N(C(N)=O)c3ccccc3)nc12,5000.0,intermediate
CHEMBL3696884,COc1cccc2c(NCc3ccccc3)nc(N3C(=O)Cc4ccccc43)nc12,2000.0,intermediate
CHEMBL3696885,COc1cccc2c(NCc3ccco3)nc(-n3c(N)nc4ccccc43)nc12,5000.0,intermediate
CHEMBL3696886,COc1cccc2c(NCc3ccoc3)nc(-n3c(N)nc4ccccc43)nc12,5000.0,intermediate
CHEMBL3696887,COc1cccc2c(NCc3ccccc3)nc(-n3c(=O)[nH]c4ccccc43)nc12,2000.0,intermediate
CHEMBL3696888,COc1cccc2c(NCc3ccccc3)nc(-n3c(=O)n(C)c4ccccc43)nc12,5000.0,intermediate
CHEMBL3696889,COc1cccc2c(NCc3ccccc3)nc(-n3c(CN)nc4sccc43)nc12,2000.0,intermediate
CHEMBL3696890,COc1cccc2c(NCc3ccccc3)nc(-n3c(C)cc4ccccc43)nc12,2000.0,intermediate
CHEMBL3696891,COc1cccc2c(NCc3ccccc3)nc(C(C)c3ccccc3)nc12,10000.0,intermediate
CHEMBL3696892,COc1cccc2c(NCc3ccccc3)nc(C3NCc4ccccc43)nc12,5000.0,intermediate
CHEMBL3696893,COc1cccc2c(NCc3ccccc3)nc(C3CNc4ccccc43)nc12,2000.0,intermediate
CHEMBL3696894,COC1=Nc2ccccc2C1c1nc(NCc2ccc(F)cc2)c2cccc(OC)c2n1,2000.0,intermediate
CHEMBL3696895,COc1nc2ccccc2n1-c1nc2c(c(NCc3ccccc3)n1)CNCC2,2000.0,intermediate
CHEMBL3696896,Cc1cc2ccccc2n1-c1nc2c(c(NCc3ccccc3)n1)CNCC2,2000.0,intermediate
CHEMBL3696897,Cc1cc2ccccc2n1-c1nc2c(c(NCc3ccccc3)n1)CCNC2,2000.0,intermediate
CHEMBL3696898,COc1nc2ccccc2n1-c1nc(NCc2ccccc2)c2c(n1)C(=O)NCC2,5000.0,intermediate
CHEMBL3696899,Cc1cc2ccccc2n1-c1nc2c(c(NCc3ccccc3)n1)CNC2,2000.0,intermediate
CHEMBL3696900,COc1cccc2c(NCc3ccccc3)nc(C3c4ccccc4CN3C)nc12,10000.0,intermediate
CHEMBL3696901,CCc1cc2ccccc2n1-c1nc(NCc2ccccc2)c2cccc(OC)c2n1,2000.0,intermediate
CHEMBL3696902,COc1cccc2c(NCc3ccccc3)nc(-n3c(OC)cc4ccccc43)nc12,2000.0,intermediate
CHEMBL3696903,COc1cccc2c(NCc3ccccc3)nc(-n3c(CN)cc4ccccc43)nc12,2000.0,intermediate
CHEMBL3696904,COc1cccc2c(NCc3ccccc3)nc(-n3ccc4ccccc43)nc12,2000.0,intermediate
CHEMBL3696905,COc1cccc2c(NCc3ccccc3)nc(-n3cc(C)c4ccccc43)nc12,10000.0,intermediate
CHEMBL3696906,COc1cccc2c(NCc3ccccc3)nc(-c3c(C)oc4ccccc34)nc12,2000.0,intermediate
CHEMBL3696907,Cc1cc2ccccc2n1-c1nc(NCc2ccccc2)c2cccc(C(N)=O)c2n1,2000.0,intermediate
CHEMBL3696908,Cc1cc2ccccc2n1-c1nc2c(c(NCc3ccccc3)n1)COC2,2000.0,intermediate
CHEMBL3696909,Cc1cc2ccccc2n1-c1nc(NCc2ccccc2)c2cccc(C#N)c2n1,2000.0,intermediate
CHEMBL3696910,Cc1cc2ccccc2n1-c1nc2c(c(NCc3ccccc3)n1)CCN(C(=O)OC(C)(C)C)C2,2000.0,intermediate
CHEMBL3696911,CC(=O)N1Cc2nc(-n3c(C)cc4ccccc43)nc(NCc3ccccc3)c2C1,2000.0,intermediate
CHEMBL3696912,CC(=O)N1CCc2nc(-n3c(C)cc4ccccc43)nc(NCc3ccccc3)c2C1,2000.0,intermediate
CHEMBL3696913,CC(=O)N1CCc2c(nc(C3C(C)=Cc4ccccc43)nc2NCc2ccccc2)C1,2000.0,intermediate
CHEMBL3696914,COc1cc2ccccc2n1-c1nc(NCc2ccccc2)c2c(n1)C(=O)N(C(=O)OC(C)(C)C)CC2,2000.0,intermediate
CHEMBL3696915,Cc1cc2ccccc2n1-c1nc2c(c(NCc3ccccc3)n1)CCCC2,2000.0,intermediate
CHEMBL3696916,CCc1cc2ccccc2n1-c1nc2c(c(NCc3ccccc3)n1)CCCC2,5000.0,intermediate
CHEMBL3696917,NCc1cc2ccccc2n1-c1nc2c(c(NCc3ccccc3)n1)CCCC2,2000.0,intermediate
CHEMBL3696918,CC(N)c1cc2ccccc2n1-c1nc2c(c(NCc3ccccc3)n1)CCCC2,2000.0,intermediate
CHEMBL3696919,COCCOc1cccc2c(NCc3ccccc3)nc(C3C(ON)=Nc4ccccc43)nc12,2000.0,intermediate
CHEMBL3696920,COCCOc1cccc2c(NCc3ccccc3)nc(-n3c(OC)nc4ccccc43)nc12,2000.0,intermediate
CHEMBL3696921,COc1cccc2c(NCc3ccccc3)nc(-n3c(CNC(C)=O)cc4ccccc43)nc12,2000.0,intermediate
CHEMBL3696922,C=CC(=O)NCc1cc2ccccc2n1-c1nc(NCc2ccccc2)c2cccc(OC)c2n1,2000.0,intermediate
CHEMBL3696923,CCc1nc2ccccc2n1-c1nc(NCc2ccccc2)c2cccc(OC)c2n1,2000.0,intermediate
CHEMBL3696924,COc1cc2ccccc2n1-c1nc2c(c(NCc3ccccc3)n1)CCCC2,2000.0,intermediate
CHEMBL3696925,OCc1cc2ccccc2n1-c1nc2c(c(NCc3ccccc3)n1)CCCC2,2000.0,intermediate
CHEMBL3696926,COCc1cc2ccccc2n1-c1nc2c(c(NCc3ccccc3)n1)CCCC2,2000.0,intermediate
CHEMBL3696927,CN(C)Cc1cc2ccccc2n1-c1nc2c(c(NCc3ccccc3)n1)CCCC2,2000.0,intermediate
CHEMBL3696928,CC(=O)NCc1cc2ccccc2n1-c1nc2c(c(NCc3ccccc3)n1)CCCC2,2000.0,intermediate
CHEMBL3696929,NC(=O)NCc1cc2ccccc2n1-c1nc2c(c(NCc3ccccc3)n1)CCCC2,2000.0,intermediate
CHEMBL3696930,COC(=O)NCc1cc2ccccc2n1-c1nc2c(c(NCc3ccccc3)n1)CCCC2,2000.0,intermediate
CHEMBL3696931,CS(=O)(=O)NCc1cc2ccccc2n1-c1nc2c(c(NCc3ccccc3)n1)CCCC2,2000.0,intermediate
CHEMBL3696917,NCc1cc2ccccc2n1-c1nc2c(c(NCc3ccccc3)n1)CCCC2,2000.0,intermediate
CHEMBL3639957,CC(=O)C1CCc2c(nc(-n3c(CN)cc4ccccc43)nc2NCc2ccccc2)C1,2000.0,intermediate
CHEMBL3696932,CCN1CCc2c(nc(-n3c(CN)cc4ccccc43)nc2NCc2ccccc2)C1,2000.0,intermediate
CHEMBL3696933,COC(=O)N1CCc2c(nc(-n3c(CN)cc4ccccc43)nc2NCc2ccccc2)C1,2000.0,intermediate
CHEMBL3696934,NCc1cc2ccccc2n1-c1cc(NCc2ccccc2)c2c(n1)CN(C(N)=O)CC2,2000.0,intermediate
CHEMBL3696935,CS(=O)(=O)N1CCc2c(nc(-n3c(CN)cc4ccccc43)nc2NCc2ccccc2)C1,2000.0,intermediate
CHEMBL3696936,CNCCN1CCc2c(nc(-n3c(CN)cc4ccccc43)nc2NCc2ccccc2)C1,10000.0,intermediate
CHEMBL3696937,CNCC(=O)N1CCc2c(nc(-n3c(CN)cc4ccccc43)nc2NCc2ccccc2)C1,10000.0,intermediate
CHEMBL3696938,COc1cccc2c(NCc3ccccc3)nc(-n3c(/C=C/C#N)cc4ccccc43)nc12,2000.0,intermediate
CHEMBL3696939,COc1cccc2c(NCc3ccccc3)nc(-n3c(/C=C(/C#N)C(N)=O)cc4ccccc43)nc12,2000.0,inactive
CHEMBL3696940,COc1cccc2c(NCc3ccccc3)nc(-n3c(/C=C/S(C)(=O)=O)cc4ccccc43)nc12,2000.0,inactive
CHEMBL494655,CC(C)=C[C@@H]1C[C@H](C)c2c(O)cc(C)c3c2C1=C(C)C(=O)C3=O,100000.0,active
CHEMBL4099907,C=C1CC[C@@](C)(c2cc(Br)c(C)cc2O)[C@H]1C,100000.0,active
CHEMBL4277404,CC(C)N1CCN(C2(CNC3CCN(c4cccc(-c5cc6cc(F)ccc6[nH]5)c4)CC3)COC2)CC1,90.0,active
CHEMBL4291440,CC(C)N1CCN(C2(CNC3CCN(c4cccc(-c5cc6cc(F)ccc6[nH]5)c4)CC3)CCC2)CC1,100.0,inactive
CHEMBL4280801,CN1CCN(C2(CNC3CCN(c4cccc(-c5cc6cc(F)ccc6[nH]5)c4)CC3)CCC2)CC1,20.0,intermediate
CHEMBL4281249,CC(C)N1CC2CN(c3cccc(-c4cc5cc(F)ccc5[nH]4)c3)CC2C1,19000.0,intermediate
CHEMBL4289124,CC(C)N1CCN(C2CCN(c3cccc(-c4cc5cc(F)ccc5[nH]4)c3)CC2)CC1,4760.0,intermediate
CHEMBL4284654,CC(C)N1CCC2(CCN(c3cccc(-c4cc5cc(F)ccc5[nH]4)c3)CC2)CC1,1130.0,active
CHEMBL4292540,CC(C)N1CCC(N[C@H]2CC[C@@H](c3cccc(-c4cc5cc(F)ccc5[nH]4)c3)CC2)CC1,4260.0,active
CHEMBL4278176,CC(C)N1CCC(N[C@H]2CC[C@H](c3cccc(-c4cc5cc(F)ccc5[nH]4)c3)CC2)CC1,180.0,active
CHEMBL4288865,CC(C)N1CCC(NC2CCN(c3cccc(-c4cc5cc(F)ccc5[nH]4)c3)CC2)CC1,50.0,active
CHEMBL4276697,CC(C)N1CCN(C(=O)CCNC2CCN(c3cccc(-c4cc5cc(F)ccc5[nH]4)c3)CC2)CC1,190.0,active
CHEMBL4287346,CN(C)CCNC1CCN(c2cccc(-c3cc4cc(F)ccc4[nH]3)c2)CC1,800.0,active
CHEMBL4280125,CC(C)N1CCN(CCNC2CCN(c3cccc(-c4cc5cc(F)ccc5[nH]4)c3)CC2)CC1,70.0,active
CHEMBL4290763,CC(C)N1CCN(CCCNC2CCN(c3cccc(-c4cc5ccccc5[nH]4)c3)CC2)CC1,380.0,active
CHEMBL4288427,CC(C)(C)N1CCN(CCNC2CCN(c3cccc(-c4cc5ccccc5[nH]4)c3)CC2)CC1,210.0,active
CHEMBL4280546,CC(C)N1CCN(CCNC2CCN(c3cccc(-c4cc5ccccc5[nH]4)c3)CC2)CC1,160.0,intermediate
CHEMBL4276767,Cn1ncnc1CCNC1CCN(c2cccc(-c3cc4ccccc4[nH]3)c2)CC1,990.0,intermediate
CHEMBL4276767,Cn1ncnc1CCNC1CCN(c2cccc(-c3cc4ccccc4[nH]3)c2)CC1,2400.0,intermediate
CHEMBL4288109,c1ccc(CCNC2CCN(c3cccc(-c4cc5ccccc5[nH]4)c3)CC2)cc1,2610.0,intermediate
CHEMBL4280200,c1ccc(CCNC2CCN(c3cccc(-c4cc5ccccc5[nH]4)c3)CC2)nc1,1050.0,active
CHEMBL4282777,c1ccc(CNC2CCN(c3cccc(-c4cc5ccccc5[nH]4)c3)CC2)nc1,1060.0,active
CHEMBL4293387,c1cc(-c2cc3ccccc3[nH]2)cc(N2CCC(NCCN3CCNCC3)CC2)c1,330.0,active
CHEMBL4283987,CN1CCN(CCNC2CCN(c3cccc(-c4cc5ccccc5[nH]4)c3)CC2)CC1,280.0,active
CHEMBL4291849,CCN1CCN(CCNC2CCN(c3cccc(-c4cc5ccccc5[nH]4)c3)CC2)CC1,200.0,active
CHEMBL4573319,Cc1cc2c(NS(=O)(=O)C(F)(F)F)cccc2n1-c1nc2c(c(NCc3ccccc3)n1)COCC2,100.9,active
CHEMBL4451017,Cc1cc2c(NS(=O)(=O)C3CC3)cccc2n1-c1nc2c(c(NCc3ccccc3)n1)COCC2,34.6,active
CHEMBL4461462,Cc1cc2c(NS(=O)(=O)c3ccccc3)cccc2n1-c1nc2c(c(NCc3ccccc3)n1)COCC2,134.9,intermediate
CHEMBL4461505,Cc1cc2c(NS(C)(=O)=O)cccc2n1-c1nc2c(c(NCc3ccccc3)n1)COCC2,36.4,active
CHEMBL4574654,C=CC(=O)Nc1cccc2c1cc(C)n2-c1nc2c(c(NCc3ccncc3)n1)COCC2,5104.5,active
CHEMBL4555198,Cc1cc2c(NC(=O)CN3CCCC3)cccc2n1-c1nc2c(c(NCc3ccccc3)n1)COCC2,448.7,active
CHEMBL4473427,Cc1cc2c(NC(=O)/C=C/CN(C)C)cccc2n1-c1nc2c(c(NCc3ccccc3)n1)COCC2,387.1,active
CHEMBL4584967,Cc1cc2c(NC(=O)/C=C/c3ccccc3)cccc2n1-c1nc2c(c(NCc3ccccc3)n1)COCC2,447.2,active
CHEMBL4453010,C=CC(=O)Nc1cccc2c1cc(C)n2-c1nc2c(c(NCc3ccccc3)n1)COCC2,58.3,active
CHEMBL4576017,Cc1cc2c(NC(=O)CCl)cccc2n1-c1nc2c(c(NCc3ccccc3)n1)COCC2,308.1,active
CHEMBL4530376,CC(=O)Nc1cccc2c1cc(C)n2-c1nc2c(c(NCc3ccccc3)n1)COCC2,129.4,active
CHEMBL3747513,Cc1cc2c(C(N)=O)cccc2n1-c1nc2c(c(NCc3ccccc3)n1)COCC2,27.0,active
CHEMBL4581661,Cc1cc2c(C(N)=O)cccc2n1-c1nccc(NCc2ccccc2)n1,160.9,active
CHEMBL4439188,Cc1cc2c(C(N)=O)cccc2n1-c1nc2c(c(NCc3ccccc3)n1)CCCCCC2,119.7,active
CHEMBL4455739,Cc1cc2c(C(N)=O)cccc2n1-c1nc2c(c(NCc3ccccc3)n1)CCCCC2,82.8,inactive
CHEMBL4445574,CC(=O)Nc1cccc2c1ccn2-c1nc2c(c(NCc3ccccc3)n1)COCC2,922.1,active
CHEMBL4468726,Cc1cc2c(C(N)=S)cccc2n1-c1nc2c(c(NCc3ccccc3)n1)COCC2,192.6,active
CHEMBL4280125,CC(C)N1CCN(CCNC2CCN(c3cccc(-c4cc5cc(F)ccc5[nH]4)c3)CC2)CC1,20.0,inactive
CHEMBL4549090,CC(C)N1CCN(CCNC2CCN(c3cccc(-c4cc5cc(C(=O)N(C)C)ccc5[nH]4)c3)CC2)CC1,31400.0,intermediate
CHEMBL3786710,CC(C)N1CCN(CCNC2CCN(c3cccc(-c4cc5cc(C(F)(F)F)ccc5[nH]4)c3)CC2)CC1,4600.0,intermediate
CHEMBL3785307,Cc1ccc2[nH]c(-c3cccc(N4CCC(NCCN5CCN(C(C)C)CC5)CC4)c3)cc2c1,240.0,active
CHEMBL4445673,CC(C)N1CCN(CCNC2CCN(c3cccc(-c4cc5cc(C#N)ccc5[nH]4)c3)CC2)CC1,44.0,inactive
CHEMBL4450581,Cc1cc(OCc2nnc(SC3CCCC3)n2-c2cccnc2)ccc1C#CCNC(C)C,7.0,intermediate
CHEMBL4476693,[2H]C1([2H])C([2H])([2H])C([2H])([2H])C([2H])(Sc2ncc(COc3cc(F)c(C#CCOC(=O)NC4CCN(C)CC4)cc3F)n2-c2cccnc2)C1([2H])[2H],8.0,inactive
CHEMBL3746912,COc1cccc2c(NCc3ccccc3)nc(-n3c(N)nc4ccccc43)nc12,110.0,inactive
CHEMBL1613563,COc1ccc(C(=O)c2oc3ccccc3c2NC(C)=O)cc1,100000.0,active
CHEMBL104,Clc1ccccc1C(c1ccccc1)(c1ccccc1)n1ccnc1,1400.0,intermediate
CHEMBL4458150,[N-]=[N+]=Nc1cccc(-n2c(COc3ccc(CCCO)cc3)nnc2SC2CCCC2)c1,1100.0,
CHEMBL4576291,[N-]=[N+]=Nc1cccc(OCc2nnc(SC3CCCC3)n2-c2cccnc2)c1,760.0,
CHEMBL104,Clc1ccccc1C(c1ccccc1)(c1ccccc1)n1ccnc1,12000.0,
CHEMBL4078658,C[C@H]1CCC/C=C/C(=O)c2c(O)c(Cl)c(O)c(Cl)c2CC(=O)O1,7900.0,
CHEMBL2047407,CC(=O)OCC1=C(C)C[C@H]([C@@H](C)[C@H]2CC[C@H]3[C@@H]4C[C@H]5O[C@]56[C@@H](O)C=CC(=O)[C@]6(C)[C@H]4CC[C@@]32C)OC1=O,22000.0,
CHEMBL4078658,C[C@H]1CCC/C=C/C(=O)c2c(O)c(Cl)c(O)c(Cl)c2CC(=O)O1,15300.0,
CHEMBL3220939,O=C(CCl)Nc1cccc(NC2=NS(=O)(=O)c3ccccc32)c1,370.0,
CHEMBL4572843,Fc1ccc(C(CCCNCC2CCc3[nH]c4ccc(F)cc4c3C2)c2ccc(F)cc2)cc1,7200.0,
